Job ID,Job URL,Job Title,Company Name,Status,Timestamp,WP ID
90f612bf12ee4100,https://ru.linkedin.com/jobs/view/country-manager-turkey-at-ebanx-4435174254,Country Manager Turkey,,scraped,2026-07-07T02:02:39.924533,
043e3defa85ec03f,https://ru.linkedin.com/jobs/view/area-manager-cis-at-etihad-4423641418,Area Manager - CIS,Etihad,posted,2026-07-07T02:03:34.214087,22
88b360c3a11c0f95,https://ru.linkedin.com/jobs/view/maintenance-operative-at-hc-one-4434341502,Maintenance Operative,,scraped,2026-07-07T02:03:36.737296,
9248f28ada2bcda6,https://ru.linkedin.com/jobs/view/quality-assurance-analyst-at-swiss-pharmaceuticals-pvt-ltd-karachi-pakistan-4433926182,Quality Assurance Analyst,,scraped,2026-07-07T02:04:47.069286,
aa17a053d4a59374,https://ru.linkedin.com/jobs/view/director-general-east-asia-and-pacific-at-new-development-bank-ndb-4431565139,"Director General, East Asia and Pacific",,scraped,2026-07-07T02:04:54.450217,
367d31a634d843dd,https://ru.linkedin.com/jobs/view/senior-sourcing-specialist-at-ecommerce-cave-4431974846,Senior Sourcing Specialist,,scraped,2026-07-07T02:05:06.497720,
215b24ec64a993cf,https://ru.linkedin.com/jobs/view/content-manager-at-bigo-4435035212,Content Manager,,scraped,2026-07-07T02:05:13.351260,
4898f9a77484d742,https://ru.linkedin.com/jobs/view/project-manager-at-brmi-4436424376,Project Manager,BRMi,posted,2026-07-07T02:05:31.278742,24
41caf8cfccbfa779,https://ru.linkedin.com/jobs/view/community-manager-at-bigo-4435036123,Community Manager,,scraped,2026-07-07T02:05:33.910056,
dc8c48f221eeeeb2,https://ru.linkedin.com/jobs/view/ux-ui-designer-at-the-flex-4436381540,UX/UI Designer,,scraped,2026-07-07T02:05:40.436875,
dfbd075d16829829,https://ru.linkedin.com/jobs/view/entrepreneur-in-residence-eir-at-the-flex-4436944438,Entrepreneur in Residence (EIR),,scraped,2026-07-07T02:05:47.067684,
e4883c66992b5f5b,https://ru.linkedin.com/jobs/view/sr-manager-process-engineering-at-siemens-healthineers-4422064441,"Sr Manager, Process Engineering",,scraped,2026-07-07T02:05:53.274472,
ec927a166cc531bc,https://ru.linkedin.com/jobs/view/electrical-engineer-at-captivate-staffing-group-4426090208,Electrical Engineer,Captivate Staffing Group,posted,2026-07-07T02:06:39.813135,26
413a507de8b3b394,https://ru.linkedin.com/jobs/view/rtal-vaccines-mera-at-pfizer-4435534453,"RTAL Vaccines, MERA",,scraped,2026-07-07T02:06:42.396599,
a8d753e7dc8d7763,https://ru.linkedin.com/jobs/view/offshore-health-and-safety-advisor-at-centrica-4434620297,Offshore Health and Safety Advisor,,scraped,2026-07-07T02:07:48.875328,
fe816911e034a00e,https://ru.linkedin.com/jobs/view/junior-software-engineer-central-ai-lab-at-jonas-software-4373566804,"Junior Software Engineer, Central AI Lab",,scraped,2026-07-07T02:07:55.974875,
c04ae27f68e9dcfe,https://ru.linkedin.com/jobs/view/quality-manager-stitching-at-artistic-denim-mills-ltd-4432387111,Quality Manager - Stitching,,scraped,2026-07-07T02:08:02.456616,
2fa9a1ca82994677,https://ru.linkedin.com/jobs/view/digital-marketing-intern-at-ark-solution-4431908769,Digital Marketing Intern,ARK Solution,posted,2026-07-07T02:08:19.891310,28
5c43e00711718f6d,https://ru.linkedin.com/jobs/view/business-development-executive-at-efu-life-assurance-karachi-cantt-branch-4433973558,Business Development Executive,EFU Life Assurance - Karachi Cantt Branch,posted,2026-07-07T02:08:29.292366,30
0b610e5a56fec6e8,https://ru.linkedin.com/jobs/view/chief-product-officer-crbc-uk-at-jonas-software-4393539637,Chief Product Officer (CRBC UK),,scraped,2026-07-07T02:08:31.959496,
0dd858e6a244d565,https://ru.linkedin.com/jobs/view/senior-consultant%E2%80%93-strategy-digital-transformation-at-confidential-4432773911,Senior Consultant– Strategy & Digital Transformation,Confidential,posted,2026-07-07T02:09:24.974932,32
e5ef5ec1c3ab7e10,https://ru.linkedin.com/jobs/view/devops-engineer-russian-speaking-startup-at-emtalk-4437450796,"DevOps Engineer (Russian-speaking, Startup)",,scraped,2026-07-07T02:09:27.779481,
859a2911a3c2e6a9,https://ru.linkedin.com/jobs/view/sr-spclst-marketing-at-organon-4436417238,"Sr. Spclst, Marketing",,scraped,2026-07-07T02:09:34.156030,
97f542b2e0c349b9,https://ru.linkedin.com/jobs/view/%D1%81%2B%2B-%D1%80%D0%B0%D0%B7%D1%80%D0%B0%D0%B1%D0%BE%D1%82%D1%87%D0%B8%D0%BA-middle%2B-at-kode-4432761711,С++ разработчик / Middle+,,scraped,2026-07-07T02:10:33.169704,
79f6c9fccb7838bc,https://ru.linkedin.com/jobs/view/%E2%80%8B%E2%80%8B%E2%80%8B%E2%80%8B%E2%80%8B%E2%80%8B%E2%80%8B%D1%82%D0%B5%D1%85%D0%BD%D0%B8%D1%87%D0%B5%D1%81%D0%BA%D0%B8%D0%B9-%D1%8D%D0%BA%D1%81%D0%BF%D0%B5%D1%80%D1%82-%D1%81%D1%82%D1%80%D0%BE%D0%B8%D1%82%D0%B5%D0%BB%D1%8C%D0%BD%D1%8B%D0%B5-%D0%BC%D0%B0%D1%82%D0%B5%D1%80%D0%B8%D0%B0%D0%BB%D1%8B-%E2%80%8B%E2%80%8B%E2%80%8B%E2%80%8B%E2%80%8B%E2%80%8B%E2%80%8B-at-assistance-group-4436499507,Технический эксперт (строительные материалы),,scraped,2026-07-07T02:10:39.923378,
20ee791bc797eb02,https://ru.linkedin.com/jobs/view/content-reviewer-russian-language-at-mkit-hong-kong-holdings-limited-4436212067,Content Reviewer -Russian language,MKIT (HONG KONG) HOLDINGS LIMITED,posted,2026-07-07T02:13:45.513830,34
95a34ced2a7665b4,https://ru.linkedin.com/jobs/view/senior-media-buy-manager-at-mova-tech-4437128573,Senior Media Buy Manager,,scraped,2026-07-07T02:13:48.557508,
a7529631ba4e9d09,https://ru.linkedin.com/jobs/view/%D1%81%D0%BF%D0%B5%D1%86%D0%B8%D0%B0%D0%BB%D0%B8%D1%81%D1%82-%D0%BF%D0%BE-%D0%BF%D1%80%D0%BE%D0%B4%D0%B0%D0%B6%D0%B5-%D0%BB%D0%BE%D0%B3%D0%B8%D1%81%D1%82%D0%B8%D1%87%D0%B5%D1%81%D0%BA%D0%B8%D1%85-%D1%83%D1%81%D0%BB%D1%83%D0%B3-at-%D1%84%D0%B0%D0%BA%D1%82%D0%BE%D1%80%D0%B8%D0%B0%D0%BB%D0%BB-%D1%80%D1%83%D1%81%D1%8C-4433962100,Специалист по продаже логистических услуг,Факториалл Русь,failed|wp_post_failed,2026-07-07T02:16:19.159070,
cee8a428fa5f1f25,https://ru.linkedin.com/jobs/view/social-media-content-producer-at-mova-tech-4437138073,Social Media Content Producer,,scraped,2026-07-07T02:16:21.874100,
6879866652d63950,https://ru.linkedin.com/jobs/view/entrepreneur-and-business-specialist-at-bigworth-executive-support-4435572753,Entrepreneur And Business Specialist,Bigworth Executive Support,posted,2026-07-07T02:17:14.158000,36
c6288e8ecd138147,https://ru.linkedin.com/jobs/view/field-operations-superintendent-at-centrica-4434614461,Field Operations Superintendent,,scraped,2026-07-07T02:17:16.695961,
9214bd12eef0f77a,https://ru.linkedin.com/jobs/view/supply-chain-services-rep-ii-at-baycare-health-system-4437434019,Supply Chain Services Rep II,,scraped,2026-07-07T02:18:27.377014,
3bf7226d0192e321,https://ru.linkedin.com/jobs/view/ai-video-creator-at-the-flex-4436781352,AI Video Creator,,scraped,2026-07-07T02:19:14.036660,
f5e6fc6bb6490ea4,https://ru.linkedin.com/jobs/view/mental-health-technician-ii-at-baycare-health-system-4437479554,Mental Health Technician II,,scraped,2026-07-07T02:19:20.591371,
ff01895a833d4e45,https://ru.linkedin.com/jobs/view/pharmacy-technician-overnights-at-baycare-health-system-4436167924,Pharmacy Technician - Overnights,BayCare Health System,posted,2026-07-07T02:20:47.343650,38
5231fae82ab5c56d,https://ru.linkedin.com/jobs/view/medical-assistant-or-lpn-cardiology-at-baycare-health-system-4435168745,Medical Assistant or LPN - Cardiology,,scraped,2026-07-07T02:20:49.929263,
5a98f99a65f3c65b,https://ru.linkedin.com/jobs/view/clinical-pharmacist-at-baycare-health-system-4436177295,Clinical Pharmacist,,scraped,2026-07-07T02:24:03.164812,
1034796e4e034c59,https://ru.linkedin.com/jobs/view/user-experience-researcher-bangkok-based-relocation-provided-at-agoda-4403423368,"User Experience Researcher (Bangkok-based, Relocation provided)",Agoda,posted,2026-07-07T02:26:14.876675,40
42dc05166dffc9d2,https://ru.linkedin.com/jobs/view/senior-engineering-manager-bangkok-based-relocation-provided-at-agoda-4370561488,"Senior Engineering Manager (Bangkok based, relocation provided)",Agoda,posted,2026-07-07T02:26:25.887715,42
928c674d0d175421,https://ru.linkedin.com/jobs/view/lead-analyst-supply-analytics-bangkok-based-relocation-provided-at-agoda-4372102580,"Lead Analyst (Supply Analytics, Bangkok-based, Relocation provided)",Agoda,posted,2026-07-07T02:26:38.308232,44
ea16411518ccff40,https://ru.linkedin.com/jobs/view/senior-lecturer-associate-professor-physiotherapy-at-unsw-4414893577,Senior Lecturer/Associate Professor - Physiotherapy,UNSW,posted,2026-07-07T02:26:48.391169,46
589b2ebb24d5de79,https://ru.linkedin.com/jobs/view/environmental-services-technician-at-baycare-health-system-4437492301,Environmental Services Technician,BayCare Health System,posted,2026-07-07T02:26:57.909380,48
5c453b20715be413,https://ru.linkedin.com/jobs/view/lecturer-senior-lecturer-psychology-at-unsw-4422275435,Lecturer/ Senior Lecturer - Psychology,UNSW,posted,2026-07-07T02:28:12.748792,50
80c49a2c110420a2,https://ru.linkedin.com/jobs/view/lecturer-senior-lecturer-associate-professor-psychology-at-unsw-4422235526,Lecturer/Senior Lecturer/ Associate Professor - Psychology,UNSW,posted,2026-07-07T02:28:22.943799,52
a5043cf5253264ab,https://ru.linkedin.com/jobs/view/lecturer-education-focused-psychology-at-unsw-4422230533,Lecturer - Education Focused - Psychology,UNSW,posted,2026-07-07T02:28:32.851694,54
59c56811612d421b,https://ru.linkedin.com/jobs/view/lecturer-or-senior-lecturer-psychology-x2-at-unsw-4422291217,Lecturer or Senior Lecturer - Psychology (x2),UNSW,posted,2026-07-07T02:28:42.946329,56
931e3ef5c24f2105,https://ru.linkedin.com/jobs/view/attorney-and-lawyer-at-sme-careers-4425607877,Attorney and Lawyer,,scraped,2026-07-07T02:28:45.443077,
2d358e6e5494ea91,https://ru.linkedin.com/jobs/view/distributed-storage-engineer-apache-ozone-internals-remote-work-ref%23294429-at-bairesdev-4426554436,Distributed Storage Engineer (Apache Ozone Internals) - Remote Work | REF#294429,,scraped,2026-07-07T02:28:52.531951,
c25beabb28ec23da,https://ru.linkedin.com/jobs/view/charge-nurse-cardiac-nights-at-baycare-health-system-4436962319,Charge Nurse - Cardiac - Nights,,scraped,2026-07-07T02:29:04.915299,
470ba0af46f47b57,https://ru.linkedin.com/jobs/view/user-experience-researcher-bangkok-based-relocation-provided-at-agoda-4403436134,"User Experience Researcher (Bangkok-based, Relocation provided)",Agoda,posted,2026-07-07T02:31:20.320754,40
b2ed920855ea565e,https://ru.linkedin.com/jobs/view/product-designer-l1-at-agoda-4428806971,Product Designer L1,Agoda,posted,2026-07-07T02:31:34.853511,58
b914748d7abc68de,https://ru.linkedin.com/jobs/view/senior-machine-learning-engineer-relocation-to-cyprus-at-fxpro-4437189702,Senior Machine Learning Engineer (Relocation to Cyprus),FxPro,posted,2026-07-07T02:31:47.494741,60
f583c9c7eba6459b,https://ru.linkedin.com/jobs/view/russian-speaking-games-presenter-bucharest-at-euro-london-4432781725,Russian speaking Games Presenter - Bucharest,,scraped,2026-07-07T02:31:50.101655,
527ff38414b54369,https://ru.linkedin.com/jobs/view/senior-analyst-supply-analytics-bangkok-based-relocation-provided-at-agoda-4299780063,"Senior Analyst (Supply Analytics, Bangkok-based, Relocation provided)",Agoda,posted,2026-07-07T02:32:06.310428,62
f5a8ac30435b3f93,https://ru.linkedin.com/jobs/view/stay-connected-with-ciena-%E2%80%93-future-opportunities-at-ciena-4418210400,Stay Connected with Ciena – Future Opportunities,Ciena,posted,2026-07-07T12:18:23.410398,64
6c40e6093ccfdecd,https://ru.linkedin.com/jobs/view/part-145-support-staff-at-bristow-group-4435861059,Part 145 Support Staff,Bristow Group,posted,2026-07-07T12:18:31.494217,66
9c75c9e0fe9d2876,https://ru.linkedin.com/jobs/view/internal-auditor-at-synergy-corporation-4433739648,Internal Auditor,,scraped,2026-07-07T12:18:33.861329,
1b3bfc5c8c288ef6,https://ru.linkedin.com/jobs/view/heavy-maintenance-representative-at-psa-airlines-inc-4437757843,Heavy Maintenance Representative,"PSA Airlines, Inc.",posted,2026-07-07T12:18:48.650279,68
e3ca03e3a2e8bc86,https://ru.linkedin.com/jobs/view/spa-manager-at-hilton-4436713358,Spa Manager,Hilton,posted,2026-07-07T12:18:59.146523,70
dbc101430bf6c5d1,https://ru.linkedin.com/jobs/view/sea-operation-executive-at-star-freight-pvt-ltd-4433948294,Sea Operation Executive,,scraped,2026-07-07T12:19:01.570726,
ddf9a80528f17de1,https://ru.linkedin.com/jobs/view/medical-office-rep-at-baycare-health-system-4436115747,Medical Office Rep,BayCare Health System,posted,2026-07-07T12:19:16.170232,72
01af0780cb6ca1b7,https://ru.linkedin.com/jobs/view/%D0%BC%D0%B5%D0%BD%D0%B5%D0%B4%D0%B6%D0%B5%D1%80-%D0%BF%D0%BE-%D1%80%D0%B0%D0%B1%D0%BE%D1%82%D0%B5-%D1%81-%D1%81%D0%B5%D1%82%D1%8F%D0%BC%D0%B8-at-selena-group-4437770353,менеджер по работе с сетями,,scraped,2026-07-07T12:19:24.796510,
abdf3020b12a3293,https://ru.linkedin.com/jobs/view/senior-operations-specialist-at-likee-4432608822,Senior Operations Specialist,,scraped,2026-07-07T12:19:32.813098,
3d42819b04ffcd73,https://ru.linkedin.com/jobs/view/digital-marketing-execution-manager-at-novartis-4433970114,Digital Marketing Execution Manager,,scraped,2026-07-07T12:19:41.872824,
153b72597fdce773,https://ru.linkedin.com/jobs/view/russian-operation-support-english-communication-skill-at-pandapay-4436506013,Russian Operation Support  (English Communication Skill),PandaPay,posted,2026-07-07T12:20:47.231529,74
46d97ede6998842b,https://ru.linkedin.com/jobs/view/%D0%BC%D0%B5%D0%BD%D0%B5%D0%B4%D0%B6%D0%B5%D1%80-%D0%BF%D0%BE-%D0%BF%D1%80%D0%BE%D0%B4%D0%B2%D0%B8%D0%B6%D0%B5%D0%BD%D0%B8%D1%8E-%D1%80%D0%B5%D1%88%D0%B5%D0%BD%D0%B8%D0%B9-bdm-ai-%D0%BF%D0%BB%D0%B0%D1%82%D1%84%D0%BE%D1%80%D0%BC%D0%B0-at-croc-4432393099,Менеджер по продвижению решений (BDM) AI платформа,,scraped,2026-07-07T12:20:51.899591,
62f8b53ce8a66850,https://ru.linkedin.com/jobs/view/account-manager-ii-at-halliburton-4435040313,Account Manager II,Halliburton,posted,2026-07-07T12:21:06.097107,76
2f0b8101c5220382,https://ru.linkedin.com/jobs/view/%D1%80%D1%83%D0%BA%D0%BE%D0%B2%D0%BE%D0%B4%D0%B8%D1%82%D0%B5%D0%BB%D1%8C-%D0%BE%D1%82%D0%B4%D0%B5%D0%BB%D0%B0-%D1%8D%D0%BB%D0%B5%D0%BA%D1%82%D1%80%D0%BE%D0%BD%D0%BD%D0%BE%D0%B9-%D0%BA%D0%BE%D0%BC%D0%BC%D0%B5%D1%80%D1%86%D0%B8%D0%B8-4435839727,Руководитель отдела электронной коммерции,Бренд детской одежды,failed|wp_post_failed,2026-07-07T12:21:09.647082,
765f77e1390e77ef,https://ru.linkedin.com/jobs/view/sales-manager-at-netrika-healthcare-4437777122,Sales Manager,,scraped,2026-07-07T12:21:14.211201,
3a6a4e9e3f1094e0,https://ru.linkedin.com/jobs/view/hr-%D0%B1%D0%B8%D0%B7%D0%BD%D0%B5%D1%81-%D0%BF%D0%B0%D1%80%D1%82%D0%BD%D0%B5%D1%80-pre-hrd-hibp-%D0%B2-%D0%B8%D0%B8-%D0%B8%D1%82-dev-fan-agi-ready-agi-compatible-239163595,"HR бизнес-партнер (pre-HRD) / HIBP в ИИ/ИТ (Dev fan, AGI-ready / AGI-compatible)",ОС-групп,posted,2026-07-07T12:21:30.866326,78
2407aa303016f842,https://ru.linkedin.com/jobs/view/marketing-manager-at-club-med-4437732603,Marketing Manager,,scraped,2026-07-07T12:21:33.509185,
3fbe7ac575623ac4,https://ru.linkedin.com/jobs/view/%D0%B2%D0%B5%D0%B4%D1%83%D1%89%D0%B8%D0%B9-%D0%B4%D0%B8%D0%B7%D0%B0%D0%B9%D0%BD%D0%B5%D1%80-at-%D1%86%D0%B5%D1%85-%D0%B4%D0%B8%D0%B7%D0%B0%D0%B9%D0%BD-4437780254,Ведущий дизайнер,Цех дизайн,failed|wp_post_failed,2026-07-07T12:21:47.930730,
713c29b09dd6e99c,https://ru.linkedin.com/jobs/view/senior-php-developer-relocation-to-cyprus-at-fxpro-4437404282,Senior PHP Developer (Relocation to Cyprus),FxPro,posted,2026-07-07T12:22:03.000964,80
e37f66e6296bd854,https://ru.linkedin.com/jobs/view/lecturer-or-senior-lecturer-statistics-at-unsw-4435384694,Lecturer or Senior Lecturer - Statistics,UNSW,posted,2026-07-07T12:22:13.073554,82
e5551c6ac0c36d6f,https://ru.linkedin.com/jobs/view/cook-lpq-at-convive-brands-4435201758,Cook - LPQ,Convive Brands,posted,2026-07-07T12:22:28.624412,84
096620d53aafaa55,https://ru.linkedin.com/jobs/view/engineering-manager-in-back-end-bangkok-based-relocation-provided-at-agoda-4436298408,"Engineering Manager in Back End (Bangkok based, relocation provided)",Agoda,posted,2026-07-07T12:22:42.335517,86
430c88191040d6aa,https://ru.linkedin.com/jobs/view/engineering-manager-back-end-bangkok-based-relocation-provided-at-agoda-4370576055,"Engineering Manager, Back End (Bangkok based, relocation provided)",Agoda,posted,2026-07-07T12:22:54.087888,88
ac24bad6c1f4eedc,https://ru.linkedin.com/jobs/view/icelandic-quality-assurance-lead-qal-at-sme-careers-4428374022,Icelandic Quality Assurance Lead (QAL),SME Careers,posted,2026-07-07T12:23:05.227801,90
1ac902dd476dbbd9,https://ru.linkedin.com/jobs/view/executive-recruiter-bangkok-based-relocation-provided-at-agoda-4361510517,"Executive Recruiter (Bangkok Based, Relocation Provided)",Agoda,posted,2026-07-07T12:23:23.252697,92
a891e57d69cc6b1c,https://ru.linkedin.com/jobs/view/solutions-sales-manager-at-jd-com-4407817933,Solutions Sales Manager,,scraped,2026-07-07T12:23:25.622628,
367456bd50c3ae46,https://ru.linkedin.com/jobs/view/animal-care-supervisor-at-merlin-entertainments-4435494043,Animal Care Supervisor,Merlin Entertainments,posted,2026-07-07T12:23:46.526060,94
25a602831e5b6df7,https://ru.linkedin.com/jobs/view/customer-service-assistant-at-amway-4433904901,Customer Service Assistant,Amway,posted,2026-07-07T12:23:57.655689,96
3cc0405c6a7e3f34,https://ru.linkedin.com/jobs/view/%D0%BC%D0%B5%D0%B4%D0%B8%D1%86%D0%B8%D0%BD%D1%81%D0%BA%D0%B8%D0%B9-%D1%81%D0%BE%D0%B2%D0%B5%D1%82%D0%BD%D0%B8%D0%BA-at-sandoz-4418008960,Медицинский советник,,scraped,2026-07-07T12:24:00.320664,
ca84685e70793394,https://ru.linkedin.com/jobs/view/asset-adoption-engineer-at-e-on-uk-4431966295,Asset Adoption Engineer,E.ON UK,posted,2026-07-07T12:24:20.426267,98
2496fe19411ab088,https://ru.linkedin.com/jobs/view/%D0%B1%D1%83%D1%85%D0%B3%D0%B0%D0%BB%D1%82%D0%B5%D1%80-%D0%BD%D0%B0-%D1%83%D1%87%D0%B0%D1%81%D1%82%D0%BE%D0%BA-%D0%B1%D0%B0%D0%BD%D0%BA-%D0%BA%D0%BB%D0%B8%D0%B5%D0%BD%D1%82-at-transasia-logistics-group-4432382609,Бухгалтер на участок банк-клиент,,scraped,2026-07-07T12:24:23.087082,
7a6979492d38f32d,https://ru.linkedin.com/jobs/view/executive-recruiter-bangkok-based-relocation-provided-at-agoda-4361259550,"Executive Recruiter (Bangkok Based, Relocation Provided)",Agoda,posted,2026-07-07T12:24:36.213665,92
c41f594cd5bc340b,https://ru.linkedin.com/jobs/view/med-assistant-ii-ft-day-ob-gyn-langhorne-pa-at-capital-health-us-4433118409,Med Assistant II - FT - Day - OB/GYN Langhorne PA,Capital Health (US),posted,2026-07-07T12:24:47.125372,100
2af3470249962775,https://ru.linkedin.com/jobs/view/exercise-physiolog-cardio-pulm-at-baycare-health-system-4436438458,Exercise Physiolog Cardio - Pulm,BayCare Health System,posted,2026-07-07T12:24:58.854684,102
692670ee63ad26eb,https://ru.linkedin.com/jobs/view/ces-offshore-mechanical-maintenance-technician-at-centrica-4434686146,CES Offshore Mechanical Maintenance Technician,,scraped,2026-07-07T12:25:01.444675,
422a726173e079aa,https://ru.linkedin.com/jobs/view/%E6%9C%8D%E8%A3%85%E5%AF%BC%E8%B4%AD-%E5%93%81%E7%89%8C%E4%BB%A3%E8%A1%A8-%E6%B7%B1%E5%9C%B3%E5%A3%B9%E6%96%B9%E5%9F%8E-a-f-at-abercrombie-fitch-co-4434528217,"服装导购/品牌代表 - 深圳壹方城, A&F",Abercrombie &amp; Fitch Co.,posted,2026-07-07T12:25:25.801998,104
42b3588d9bb2d7a9,https://ru.linkedin.com/jobs/view/%D0%BE%D0%BF%D0%B5%D1%80%D0%B0%D1%82%D0%BE%D1%80-%D0%BD%D0%B0%D0%BB%D0%B0%D0%B4%D0%B0%D1%87%D0%B8%D0%BA-1-%D0%BA%D0%B0%D1%82%D0%B5%D0%B3%D0%BE%D1%80%D0%B8%D0%B8-at-astrazeneca-4260915319,Оператор-наладачик 1 категории,AstraZeneca,posted,2026-07-07T12:25:42.625683,106
89bcd1c0589956f6,https://ru.linkedin.com/jobs/view/%D0%BC%D0%B5%D0%B4%D0%B8%D1%86%D0%B8%D0%BD%D1%81%D0%BA%D0%B8%D0%B9-%D0%BF%D1%80%D0%B5%D0%B4%D1%81%D1%82%D0%B0%D0%B2%D0%B8%D1%82%D0%B5%D0%BB%D1%8C-pharmacy-line-%D0%B3-%D0%BA%D1%80%D0%B0%D1%81%D0%BD%D0%BE%D0%B4%D0%B0%D1%80-at-sandoz-4435173001,"Медицинский представитель (Pharmacy Line), г. Краснодар",,scraped,2026-07-07T12:25:45.008116,
406fe78615cab51e,https://ru.linkedin.com/jobs/view/%D0%BC%D0%B5%D0%B4%D0%B8%D1%86%D0%B8%D0%BD%D1%81%D0%BA%D0%B8%D0%B9-%D0%BF%D1%80%D0%B5%D0%B4%D1%81%D1%82%D0%B0%D0%B2%D0%B8%D1%82%D0%B5%D0%BB%D1%8C-pharmacy-line-%D0%B3-%D0%BA%D1%80%D0%B0%D1%81%D0%BD%D0%BE%D0%B4%D0%B0%D1%80-at-sandoz-4435167240,"Медицинский представитель (Pharmacy Line), г. Краснодар",,scraped,2026-07-07T12:25:51.260280,
dded1bf968bca1ac,https://ru.linkedin.com/jobs/view/senior-distributed-systems-engineer-remote-work-ref%23293788-at-bairesdev-4426565342,Senior Distributed Systems Engineer - Remote Work | REF#293788,BairesDev,posted,2026-07-07T12:26:06.387294,108
8c4f058262238484,https://ru.linkedin.com/jobs/view/senior-software-engineer-scala-remote-work-ref%23290219-at-bairesdev-4420464548,Senior Software Engineer (Scala) - Remote Work | REF#290219,BairesDev,posted,2026-07-07T12:26:15.541488,110
620c38171019eacf,https://ru.linkedin.com/jobs/view/senior-data-platform-engineer-remote-work-ref%23293899-at-bairesdev-4426546493,Senior Data Platform Engineer - Remote Work | REF#293899,BairesDev,posted,2026-07-07T12:26:24.177775,112
af0a6b6055b300d2,https://ru.linkedin.com/jobs/view/senior-staff-machine-learning-engineer-bidding-bangkok-based-relocation-provided-at-agoda-4310149830,"Senior/Staff Machine Learning Engineer - Bidding (Bangkok based, relocation provided)",Agoda,posted,2026-07-07T12:26:36.044712,114
a1d60dca07f3ecf5,https://ru.linkedin.com/jobs/view/quality-engineer-at-plastipak-4244933617,Quality Engineer,Plastipak,posted,2026-07-07T20:36:57.019825,116
0b89f8da612ad8fd,https://ru.linkedin.com/jobs/view/project-manager-at-brmi-4437822298,Project Manager,BRMi,posted,2026-07-07T20:37:02.580327,24
8923b714bd2573f2,https://ru.linkedin.com/jobs/view/%D1%80%D1%83%D0%BA%D0%BE%D0%B2%D0%BE%D0%B4%D0%B8%D1%82%D0%B5%D0%BB%D1%8C-%D1%80%D0%B0%D0%B7%D1%80%D0%B0%D0%B1%D0%BE%D1%82%D0%BA%D0%B8-%D0%B8-%D0%BF%D1%80%D0%BE%D0%B4%D1%83%D0%BA%D1%82%D0%B0-at-syngenta-4432572195,Руководитель разработки и продукта,,scraped,2026-07-07T20:37:15.264103,
ca395ebf517f1a99,https://ru.linkedin.com/jobs/view/emergency-room-doctor-4434515160,Emergency Room Doctor,My Family Clinic Karachi,posted,2026-07-07T20:37:25.564397,118
bbfdde35e61ba55b,https://ru.linkedin.com/jobs/view/early-career-trainee-supply-chain-and-logistics-at-ge-healthcare-4437852642,Early Career Trainee - Supply Chain and Logistics,GE HealthCare,posted,2026-07-07T20:37:40.986357,120
aacebc27a568399c,https://ru.linkedin.com/jobs/view/admin-manager-apapa-at-a-p-moller-maersk-4437826628,Admin Manager - Apapa,,scraped,2026-07-07T20:37:43.607814,
3a2bad5a603d2533,https://ru.linkedin.com/jobs/view/%D0%BC%D0%B0%D1%80%D0%BA%D0%B5%D1%82%D0%B8%D0%BD%D0%B3-%D0%B2-%D1%81%D0%BE%D1%86%D0%B8%D0%B0%D0%BB%D1%8C%D0%BD%D1%8B%D1%85-%D1%81%D0%B5%D1%82%D1%8F%D1%85-3869305378,Маркетинг в социальных сетях,InterMedia News Agency,failed|wp_post_failed,2026-07-07T20:37:51.100612,
45b1b0c5e830db3c,https://ru.linkedin.com/jobs/view/technical-application-scientist-europe-uk-at-parse-biosciences-4422613549,"Technical Application Scientist, Europe/UK",Parse Biosciences,posted,2026-07-07T20:37:59.995934,122
86445230b966c4ed,https://ru.linkedin.com/jobs/view/%D0%B2%D0%B5%D0%B4%D1%83%D1%89%D0%B8%D0%B9-%D1%80%D0%B5%D1%82%D1%83%D1%88%D0%B5%D1%80-ai-%D0%BA%D1%80%D0%B5%D0%B0%D1%82%D0%BE%D1%80-at-%D0%BE%D0%BE%D0%BE-%D1%81%D0%BF%D0%BE%D1%80%D1%82%D0%BC%D0%B0%D1%81%D1%82%D0%B5%D1%80-4436316545,Ведущий ретушер (AI креатор),"ООО ""Спортмастер""",posted,2026-07-07T20:38:13.357431,124
a09e8ff972fc74fb,https://ru.linkedin.com/jobs/view/%D1%80%D1%83%D0%BA%D0%BE%D0%B2%D0%BE%D0%B4%D0%B8%D1%82%D0%B5%D0%BB%D1%8C-%D1%81%D1%82%D1%80%D0%BE%D0%B8%D1%82%D0%B5%D0%BB%D1%8C%D0%BD%D1%8B%D1%85-%D0%BF%D1%80%D0%BE%D0%B5%D0%BA%D1%82%D0%BE%D0%B2-4256037528,руководитель строительных проектов,строительная компания,failed|wp_post_failed,2026-07-07T20:38:16.834032,
e43e80b3f3ae70fb,https://ru.linkedin.com/jobs/view/chief-finance-officer-at-apm-terminals-4436310574,Chief Finance Officer,,scraped,2026-07-07T20:38:21.544127,
d0573ca6674703b4,https://ru.linkedin.com/jobs/view/clm-business-analyst-at-epiq-4377935884,CLM - Business Analyst,Epiq,posted,2026-07-07T20:38:40.675023,126
877e7150635203b8,https://ru.linkedin.com/jobs/view/access-field-manager-at-novartis-4427799507,Access Field Manager,,scraped,2026-07-07T20:38:43.286874,
7d49f09e1aac986b,https://ru.linkedin.com/jobs/view/account-manager-at-novartis-4434526046,Account Manager,,scraped,2026-07-07T20:38:50.309058,
736b12938f29b3cd,https://ru.linkedin.com/jobs/view/account-manager-at-novartis-4434510748,Account Manager,,scraped,2026-07-07T20:38:57.275542,
73a4cdf434df01be,https://ru.linkedin.com/jobs/view/cmo-group-cmo-at-international-recruitment-agency-talent-search-agency-4437868639,CMO/Group CMO,International Recruitment Agency Talent Search Agency,posted,2026-07-07T20:39:13.914379,128
7e6758f4aa5692e8,https://ru.linkedin.com/jobs/view/%D0%B1%D0%B8%D0%B7%D0%BD%D0%B5%D1%81-%D0%B0%D0%BD%D0%B0%D0%BB%D0%B8%D1%82%D0%B8%D0%BA-%D1%82%D0%B5%D1%85%D0%BD%D0%B8%D1%87%D0%B5%D1%81%D0%BA%D0%B8%D0%B9-%D0%BA%D1%83%D1%80%D0%B0%D1%82%D0%BE%D1%80-4414220280,Бизнес-аналитик (технический куратор),Найди.про,posted,2026-07-07T20:39:23.755957,130
e94a9bc16be48dad,https://ru.linkedin.com/jobs/view/associate-dean-postgraduate-programs-and-academic-governance-at-unsw-4433955914,Associate Dean - Postgraduate Programs and Academic Governance,UNSW,posted,2026-07-07T20:39:39.819655,132
174a17c2eeaa6111,https://ru.linkedin.com/jobs/view/senior-lecturer-at-unsw-4432737971,Senior Lecturer,UNSW,posted,2026-07-07T20:39:54.877660,134
b6c1acabb9ef8bb9,https://ru.linkedin.com/jobs/view/%D1%81%D1%82%D0%B0%D1%80%D1%88%D0%B8%D0%B9-%D1%81%D0%BF%D0%B5%D1%86%D0%B8%D0%B0%D0%BB%D0%B8%D1%81%D1%82-%D0%BF%D0%BE-%D0%BB%D0%BE%D0%B3%D0%B8%D1%81%D1%82%D0%B8%D0%BA%D0%B5-at-astrazeneca-4359146758,Старший специалист по логистике,AstraZeneca,failed|wp_post_failed,2026-07-07T20:40:05.884607,
8afda70d9ee8b297,https://ru.linkedin.com/jobs/view/op%C3%A9rateur-de-production-at-alkegen-4429144338,Opérateur de production,ALKEGEN,posted,2026-07-07T20:40:15.692248,136
7d2fc4e4611cc1e4,https://ru.linkedin.com/jobs/view/access-field-manager-at-novartis-4433905546,Access Field Manager,,scraped,2026-07-07T20:40:20.079423,
c2cbf53034fa5037,https://ru.linkedin.com/jobs/view/%D0%B4%D0%B5%D0%B6%D1%83%D1%80%D0%BD%D1%8B%D0%B9-%D0%B8%D0%BD%D0%B6%D0%B5%D0%BD%D0%B5%D1%80-at-astrazeneca-4260916048,Дежурный инженер,AstraZeneca,failed|wp_post_failed,2026-07-07T20:40:31.147401,
8c7a58af3e91cdbf,https://ru.linkedin.com/jobs/view/%D0%BC%D0%B5%D0%B4%D0%B8%D1%86%D0%B8%D0%BD%D1%81%D0%BA%D0%B8%D0%B9-%D1%81%D0%BE%D0%B2%D0%B5%D1%82%D0%BD%D0%B8%D0%BA-at-sandoz-4418014826,Медицинский советник,,scraped,2026-07-07T20:40:33.803763,
bffb106ba56197bd,https://ru.linkedin.com/jobs/view/associate-technical-service-engineer-at-stryker-4416510302,Associate Technical Service Engineer,Stryker,posted,2026-07-07T20:40:47.955097,138
d05427f2bbe4485a,https://ru.linkedin.com/jobs/view/standards-managing-pilot-at-chc-helicopter-4436832798,Standards Managing Pilot,CHC Helicopter,posted,2026-07-07T20:41:02.238086,140
7b43cd0c8e93b353,https://ru.linkedin.com/jobs/view/registered-nurse-med-surg-cardiac-days-at-baycare-health-system-4436951871,Registered Nurse - Med/Surg Cardiac - Days,BayCare Health System,posted,2026-07-07T20:41:16.791910,142
854fc1fa8e3a655f,https://ru.linkedin.com/jobs/view/gestionnaire-sant%C3%A9-s%C3%A9curit%C3%A9-environnement-at-alkegen-4408571250,Gestionnaire Santé-Sécurité-Environnement,ALKEGEN,posted,2026-07-07T20:41:31.342731,144
61d0a8ba68a8d7ca,https://ru.linkedin.com/jobs/view/lecturer-pure-mathematics-at-unsw-4425743920,Lecturer - Pure Mathematics,UNSW,posted,2026-07-07T20:41:42.337487,146
9961e9b5c9d8fd23,https://ru.linkedin.com/jobs/view/%D0%BE%D0%BF%D0%B5%D1%80%D0%B0%D1%82%D0%BE%D1%80-%D0%BD%D0%B0%D0%BB%D0%B0%D0%B4%D1%87%D0%B8%D0%BA-1-%D0%BA%D0%B0%D1%82%D0%B5%D0%B3%D0%BE%D1%80%D0%B8%D0%B8-at-astrazeneca-4321980549,Оператор-наладчик 1 категории,AstraZeneca,posted,2026-07-07T20:42:04.323735,106
b8ed659b22448ebf,https://ru.linkedin.com/jobs/view/senior-software-engineer-c%2B%2B-remote-work-ref%23289910-at-bairesdev-4420449865,Senior Software Engineer (C++) - Remote Work | REF#289910,BairesDev,posted,2026-07-07T20:42:18.127114,148
eaa4e97a972bd63c,https://ru.linkedin.com/jobs/view/software-engineer-rust-remote-work-ref%23289831-at-bairesdev-4420456723,Software Engineer (Rust) - Remote Work | REF#289831,BairesDev,posted,2026-07-07T20:42:29.795109,150
17bcaadd4fa570e2,https://ru.linkedin.com/jobs/view/chef-de-partie-at-hilton-4427052023,Chef de Partie,Hilton,posted,2026-07-07T20:42:42.698370,152
d45e77827c021c45,https://ru.linkedin.com/jobs/view/%D0%BE%D0%BF%D0%B5%D1%80%D0%B0%D1%82%D0%BE%D1%80-%D0%BD%D0%B0%D0%BB%D0%B0%D0%B4%D1%87%D0%B8%D0%BA-1-%D0%BA%D0%B0%D1%82%D0%B5%D0%B3%D0%BE%D1%80%D0%B8%D0%B8-at-astrazeneca-4316608161,Оператор-наладчик 1 категории,AstraZeneca,scraped,2026-07-07T20:42:53.623581,
3ba63760ed472c04,https://ru.linkedin.com/jobs/view/%E5%8C%BB%E8%8D%AF%E4%BB%A3%E8%A1%A8-%E6%96%B0%E7%96%86%E5%96%80%E4%BB%80-%E8%83%B0%E5%B2%9B%E7%B4%A0-at-novo-nordisk-4425763760,医药代表-新疆喀什-胰岛素,,scraped,2026-07-07T20:42:55.948353,
d56a22507906ca83,https://ru.linkedin.com/jobs/view/%D0%BC%D0%B5%D0%B4%D0%B8%D1%86%D0%B8%D0%BD%D1%81%D0%BA%D0%B8%D0%B9-%D0%BF%D1%80%D0%B5%D0%B4%D1%81%D1%82%D0%B0%D0%B2%D0%B8%D1%82%D0%B5%D0%BB%D1%8C-medical-line-%D0%B3-%D0%BC%D0%BE%D1%81%D0%BA%D0%B2%D0%B0-%D0%B2%D0%B0%D0%BE-at-sandoz-4417756316,"Медицинский представитель (Medical Line) - г. Москва, ВАО",,scraped,2026-07-07T20:43:02.269058,
4179233e38d77ea0,https://ru.linkedin.com/jobs/view/creative-director-at-yandex-go-4435443477,Creative Director,Yandex Go,posted,2026-07-08T07:18:48.724109,164
e78891f21e4ce733,https://ru.linkedin.com/jobs/view/partenaire-d%E2%80%99affaires-%E2%80%93-ressources-humaines-at-alkegen-4437417089,PARTENAIRE D’AFFAIRES – RESSOURCES HUMAINES,ALKEGEN,posted,2026-07-08T07:19:03.395225,166
d790aab0b5e1bd08,https://ru.linkedin.com/jobs/view/financial-crimes-data-scientist-at-east-west-bank-4434808695,Financial Crimes Data Scientist,East West Bank,posted,2026-07-08T07:19:15.640874,168
b5009c33c96a35ad,https://ru.linkedin.com/jobs/view/social-media-strategist-at-trefid-digital-4434578847,Social Media Strategist,,scraped,2026-07-08T07:19:22.103384,
0589b4e4d9f882dc,https://ru.linkedin.com/jobs/view/business-development-assistant-italian-at-rkx-financial-4435060480,Business Development Assistant (Italian),RKX Financial,posted,2026-07-08T07:19:45.112846,170
57a242fe2b86b2f8,https://ru.linkedin.com/jobs/view/sales-manager-at-oneuphiring-4438173119,Sales Manager,oneuphiring,posted,2026-07-08T07:20:01.552455,172
d31975abb70f767e,https://ru.linkedin.com/jobs/view/key-account-executive-at-infobip-4434545111,Key Account Executive,,scraped,2026-07-08T07:20:08.255020,
678c84eccbdfe32c,https://ru.linkedin.com/jobs/view/broker-at-amazon-natural-spring-waters-limited-4435762775,Broker,,scraped,2026-07-08T07:20:14.839547,
84557e06eb875d50,https://ru.linkedin.com/jobs/view/associate-professor-in-systems-at-unsw-4415279063,Associate Professor in Systems,UNSW,posted,2026-07-08T07:20:36.646708,174
51c0dd43be05af2a,https://ru.linkedin.com/jobs/view/senior-node-js-developer-relocation-to-cyprus-at-fxpro-4437176166,Senior Node.js Developer (Relocation to Cyprus),FxPro,posted,2026-07-08T07:21:08.563782,176
28380ef7dd914f78,https://ru.linkedin.com/jobs/view/senior-brand-manager-at-novartis-4433930274,Senior Brand Manager,,scraped,2026-07-08T07:21:15.279431,
90f82214791d8805,https://ru.linkedin.com/jobs/view/charge-nurse-oncology-days-at-baycare-health-system-4436956581,Charge Nurse - Oncology - Days,BayCare Health System,posted,2026-07-08T07:21:56.647436,178
2327d1bdad730247,https://ru.linkedin.com/jobs/view/registered-nurse-med-surg-tele-days-at-baycare-health-system-4436967101,Registered Nurse - Med/Surg Tele - Days,BayCare Health System,posted,2026-07-08T07:22:35.285447,180
3bad437a8d52e20b,https://ru.linkedin.com/jobs/view/commercial-business-analyst-at-novartis-4428436812,Commercial Business Analyst,,scraped,2026-07-08T13:20:52.259084,
f93266064d640c26,https://ru.linkedin.com/jobs/view/customer-service-associate%E2%80%8B-at-novartis-4428442017,Customer Service Associate,,scraped,2026-07-08T13:21:13.765022,
2497a3e3e9b25bf3,https://ru.linkedin.com/jobs/view/second-engineer-at-intalent-asia-4438160635,Second Engineer,,scraped,2026-07-08T13:21:21.024404,
33ecef6f171eb491,https://ru.linkedin.com/jobs/view/r-d-application-implementation-executive-at-th-group-4434839435,R&D Application & Implementation Executive,,scraped,2026-07-08T13:21:38.003924,
01c686d8e9167c93,https://ru.linkedin.com/jobs/view/further-mathematics-teacher-a-level-at-lgeg-moscow-4421832112,Further Mathematics Teacher (A-level),,scraped,2026-07-08T13:21:53.319299,
1aa09793ba80dbdb,https://ru.linkedin.com/jobs/view/lead-architect-at-mtc-web-services-mws-4433197700,Lead Architect,MTC Web Services (MWS),posted,2026-07-08T13:22:17.573163,182
611f70102efad9e7,https://ru.linkedin.com/jobs/view/bartender-at-topgolf-4437878559,Bartender,Topgolf,posted,2026-07-08T13:23:01.652117,184
4a624e206d26177f,https://ru.linkedin.com/jobs/view/registered-nurse-med-surg-tele-nights-at-baycare-health-system-4436952859,Registered Nurse - Med/Surg Tele - Nights,BayCare Health System,posted,2026-07-08T13:23:26.294790,186
613a50cbf00c1d6a,https://ru.linkedin.com/jobs/view/associate-professor-in-machine-learning-and-natural-language-processing-social-media-analytics-at-unsw-4415270198,Associate Professor in Machine Learning and Natural Language Processing (Social Media Analytics),UNSW,posted,2026-07-08T13:23:40.011685,188
73e31b26e9c099db,https://ru.linkedin.com/jobs/view/data-automation-engineer-central-ai-lab-at-jonas-software-4373566805,"Data & Automation Engineer, Central AI Lab",,scraped,2026-07-08T13:23:42.614217,
5042302bae6c0bc4,https://ru.linkedin.com/jobs/view/warehouse-operator-iii-at-iff-4418137727,Warehouse Operator III,IFF,posted,2026-07-08T13:23:55.564530,190
bf9df9953d35f854,https://ru.linkedin.com/jobs/view/analyst-senior-analyst-associate-manager-marketing-analytics-bangkok-based-relocation-provided-at-agoda-4410526960,"Analyst/Senior Analyst/Associate Manager, Marketing Analytics (Bangkok Based, relocation provided)",Agoda,posted,2026-07-08T13:24:20.275884,192
7c87e9af76ff17ed,https://ru.linkedin.com/jobs/view/casual-academic-talent-pool-%E2%80%93-ada-humanities-languages-at-unsw-4414878745,Casual Academic Talent Pool – ADA -Humanities & Languages,UNSW,posted,2026-07-08T13:24:31.045228,194
a56b2f3753867f72,https://ru.linkedin.com/jobs/view/senior-backend-engineer-go-at-block-labs-4324979717,Senior Backend Engineer (Go),,scraped,2026-07-08T13:24:33.614559,
c5a6eb1efefbfed9,https://ru.linkedin.com/jobs/view/senior-machine-learning-engineer-relocation-to-cyprus-at-fxpro-4437184788,Senior Machine Learning Engineer (Relocation to Cyprus),FxPro,posted,2026-07-08T13:24:46.242073,60
3f7954a2d34bc747,https://ru.linkedin.com/jobs/view/%D0%BE%D0%BF%D0%B5%D1%80%D0%B0%D1%82%D0%BE%D1%80-%D0%BD%D0%B0%D0%BB%D0%B0%D0%B4%D1%87%D0%B8%D0%BA-1-%D0%BA%D0%B0%D1%82%D0%B5%D0%B3%D0%BE%D1%80%D0%B8%D0%B8-at-astrazeneca-4408687225,Оператор-наладчик 1 категории,AstraZeneca,posted,2026-07-08T13:24:58.473693,106
433e9ded7424afed,https://ru.linkedin.com/jobs/view/senior-engineering-manager-fintech-bangkok-based-relocation-provided-at-agoda-4429226878,"Senior Engineering Manager - Fintech (Bangkok based, relocation provided)",Agoda,posted,2026-07-08T13:25:21.165699,196
a6f5ad539d99d455,https://ru.linkedin.com/jobs/view/associate-professor-in-cryptography-at-unsw-4415270201,Associate Professor in Cryptography,UNSW,posted,2026-07-08T13:25:37.636532,198
9c8afd784bebf712,https://ru.linkedin.com/jobs/view/optometrist-at-asda-4437756880,Optometrist,,scraped,2026-07-08T13:25:42.234156,
00e5c3f05563f561,https://ru.linkedin.com/jobs/view/senior-staff-machine-learning-engineer-bidding-bangkok-based-relocation-provided-at-agoda-4310142848,"Senior/Staff Machine Learning Engineer - Bidding (Bangkok based, relocation provided)",Agoda,posted,2026-07-08T13:26:03.021623,200
0afcd3718679b9ac,https://ru.linkedin.com/jobs/view/service-charge-analyst-at-accent-group-ltd-4437857225,Service Charge Analyst,,scraped,2026-07-08T18:56:49.753086,
a085d0add5ff1b4f,https://ru.linkedin.com/jobs/view/access-field-manager-at-novartis-4434804434,Access Field Manager,,scraped,2026-07-08T18:57:02.670225,
03379a7a64ad2bf0,https://ru.linkedin.com/jobs/view/sales-manager-at-appnext-4426222720,Sales Manager,,scraped,2026-07-08T18:57:09.396799,
a0ead472ae9d6091,https://ru.linkedin.com/jobs/view/carrier-sales-manager-%E2%80%93-voice-a%E2%80%93z-cc-cli-at-icon-global-services-ltd-4436802191,Carrier Sales Manager – Voice (A–Z / CC / CLI),,scraped,2026-07-08T18:57:20.360056,
36944a00db58314a,https://ru.linkedin.com/jobs/view/stay-connected-with-ciena-%E2%80%93-future-opportunities-at-ciena-4418220314,Stay Connected with Ciena – Future Opportunities,Ciena,posted,2026-07-08T18:57:44.800571,64
97b04f211c1d7f33,https://ru.linkedin.com/jobs/view/assistant-site-manager-at-united-infrastructure-ltd-4437060505,Assistant Site Manager,United Infrastructure Ltd,posted,2026-07-08T18:58:11.782908,202
7a2c9300ccd0b4e8,https://ru.linkedin.com/jobs/view/account-manager-at-novartis-4427796528,Account Manager,,scraped,2026-07-08T18:58:14.121919,
03499eb3fb52ffe4,https://ru.linkedin.com/jobs/view/hse-supervisor-at-a-p-moller-maersk-4438257616,HSE Supervisor,,scraped,2026-07-08T18:58:23.123478,
ebcc872c4a9cb1c6,https://ru.linkedin.com/jobs/view/assistant-nurse-manager-cardiac-at-baycare-health-system-4438264597,Assistant Nurse Manager - Cardiac,BayCare Health System,posted,2026-07-08T18:58:46.671477,204
e11b9e760c73e88c,https://ru.linkedin.com/jobs/view/%D1%81%D1%82%D0%B0%D1%80%D1%88%D0%B8%D0%B9-%D0%BC%D0%B5%D0%B4%D0%B8%D1%86%D0%B8%D0%BD%D1%81%D0%BA%D0%B8%D0%B9-%D0%BF%D1%80%D0%B5%D0%B4%D1%81%D1%82%D0%B0%D0%B2%D0%B8%D1%82%D0%B5%D0%BB%D1%8C-specialty-%D0%B3-%D0%BA%D1%80%D0%B0%D1%81%D0%BD%D0%BE%D1%8F%D1%80%D1%81%D0%BA-at-sandoz-4429545804,"Старший медицинский представитель (Specialty), г. Красноярск",,scraped,2026-07-08T18:58:53.051821,
3bc1bc0f75d8cb0d,https://ru.linkedin.com/jobs/view/%D1%81%D1%82%D0%B0%D1%80%D1%88%D0%B8%D0%B9-%D0%BC%D0%B5%D0%B4%D0%B8%D1%86%D0%B8%D0%BD%D1%81%D0%BA%D0%B8%D0%B9-%D0%BF%D1%80%D0%B5%D0%B4%D1%81%D1%82%D0%B0%D0%B2%D0%B8%D1%82%D0%B5%D0%BB%D1%8C-specialty-%D0%B3-%D0%BA%D1%80%D0%B0%D1%81%D0%BD%D0%BE%D1%8F%D1%80%D1%81%D0%BA-at-sandoz-4429552347,"Старший медицинский представитель (Specialty), г. Красноярск",,scraped,2026-07-08T18:58:59.373960,
a8c3ac3b9cef6eb8,https://ru.linkedin.com/jobs/view/associate-manager-marketing-strategy-bangkok-based-relocation-provided-at-agoda-4410536861,"Associate Manager, Marketing Strategy (Bangkok Based, relocation provided)",Agoda,posted,2026-07-08T18:59:27.737829,206
adfaebec80eda647,https://ru.linkedin.com/jobs/view/senior-analyst-app-marketing-bangkok-based-relocation-provided-at-agoda-4410544527,"Senior Analyst, App Marketing (Bangkok Based, Relocation Provided)",Agoda,posted,2026-07-08T18:59:47.526485,208
3c3730c00fcf78b1,https://ru.linkedin.com/jobs/view/associate-professor-in-neurosymbolic-artificial-intelligence-at-unsw-4415281087,Associate Professor in Neurosymbolic Artificial Intelligence,UNSW,posted,2026-07-08T18:59:57.397358,210
b1192928a04a7c1b,https://ru.linkedin.com/jobs/view/back-end-lead-software-engineer-accommodation-flights-supply-fintech-bangkok-based-relocation-provided-at-agoda-4429941969,Back End Lead Software Engineer - Accommodation/Flights/Supply/FinTech(Bangkok based - Relocation provided),Agoda,posted,2026-07-08T19:00:18.071913,212
92537ae548f2067c,https://ru.linkedin.com/jobs/view/back-end-lead-software-engineer-accommodation-flights-supply-fintech-bangkok-based-relocation-provided-at-agoda-4429964016,Back End Lead Software Engineer - Accommodation/Flights/Supply/FinTech(Bangkok based - Relocation provided),Agoda,posted,2026-07-08T19:00:35.006566,214
d2729a03d622f44d,https://ru.linkedin.com/jobs/view/%D0%B8%D0%BD%D0%B6%D0%B5%D0%BD%D0%B5%D1%80-%D0%BF%D0%BE-%D0%B0%D0%B2%D1%82%D0%BE%D0%BC%D0%B0%D1%82%D0%B8%D0%B7%D0%B0%D1%86%D0%B8%D0%B8-%D0%B0%D1%81%D1%83%D1%82%D0%BF-%D0%BA%D0%B8%D0%BF%D0%B8%D0%B0-at-abbott-4438249918,Инженер по автоматизации АСУТП (КИПиА),Abbott,posted,2026-07-08T19:00:51.511723,216
a3432bf496cead39,https://ru.linkedin.com/jobs/view/business-development-manager-at-ris-group-4438240004,Business Development Manager,,scraped,2026-07-08T23:46:50.999360,
41c0e4af4237ec2c,https://ru.linkedin.com/jobs/view/warehouse-inbound-supervisor-at-jd-com-4418922429,Warehouse Inbound Supervisor,,scraped,2026-07-08T23:47:30.104791,
aaa0e3aac729445a,https://ru.linkedin.com/jobs/view/rn-obstetrics-at-olympic-medical-center-4438521809,"RN, Obstetrics",Olympic Medical Center,posted,2026-07-08T23:47:47.859565,218
1f040936769976e8,https://ru.linkedin.com/jobs/view/%D1%81%D1%82%D0%B0%D1%80%D1%88%D0%B8%D0%B9-%D1%81%D0%BF%D0%B5%D1%86%D0%B8%D0%B0%D0%BB%D0%B8%D1%81%D1%82-%D0%BF%D0%BE-%D1%80%D0%B5%D0%B3%D0%B8%D1%81%D1%82%D1%80%D0%B0%D1%86%D0%B8%D0%B8-at-sandoz-4401508485,Старший специалист по регистрации,,scraped,2026-07-08T23:48:14.585601,
cace9e3d93a9a52a,https://ru.linkedin.com/jobs/view/associate-professor-in-software-engineering-at-unsw-4415279062,Associate Professor in Software Engineering,UNSW,posted,2026-07-08T23:48:37.854359,220
1d32dc1f22ad470a,https://ru.linkedin.com/jobs/view/supvr-imaging-services-at-baycare-health-system-4438255999,Supvr Imaging Services,BayCare Health System,posted,2026-07-08T23:48:56.716222,222
483de14612965a90,https://ru.linkedin.com/jobs/view/analyst-senior-analyst-pricing-marketing-bangkok-based-relocation-provided-at-agoda-4410531792,"Analyst/ Senior Analyst, Pricing Marketing (Bangkok Based, relocation provided)",Agoda,posted,2026-07-08T23:49:11.622239,224
b3546bd8825d34fb,https://ru.linkedin.com/jobs/view/senior-analyst-associate-manager-marketing-strategy-bangkok-based-relocation-provided-at-agoda-4410536795,"Senior Analyst/ Associate Manager, Marketing Strategy (Bangkok based/ Relocation provided)",Agoda,posted,2026-07-08T23:49:36.020625,226
94ef8be7c836a563,https://ru.linkedin.com/jobs/view/engineering-manager-back-end-generative-ai-bangkok-based-relocation-provided-at-agoda-4438196015,"Engineering Manager, Back End - Generative Ai (Bangkok based, relocation provided)",Agoda,posted,2026-07-08T23:49:58.467953,228
a3cb094608ff5146,https://ru.linkedin.com/jobs/view/procurement-manager-financial-reporting-council-at-guardian-jobs-4438554114,"Procurement Manager, FINANCIAL REPORTING COUNCIL",,scraped,2026-07-09T11:27:31.623901,
14f83b38e9894353,https://ru.linkedin.com/jobs/view/data-scientist-at-alfa-bank-4435648645,Data scientist,Alfa-Bank,posted,2026-07-09T11:28:04.137383,230
ba3e6bf8363b03e8,https://ru.linkedin.com/jobs/view/performance-marketing-manager-at-zeroqode-4435657630,Performance Marketing Manager,Zeroqode,posted,2026-07-09T11:28:25.711120,232
7bc6d2f8ba37d9f3,https://ru.linkedin.com/jobs/view/%D0%BC%D0%B5%D0%BD%D0%B5%D0%B4%D0%B6%D0%B5%D1%80-%D0%BF%D0%BE-%D1%80%D0%B0%D0%B7%D0%B2%D0%B8%D1%82%D0%B8%D1%8E-%D0%B1%D0%B8%D0%B7%D0%BD%D0%B5%D1%81%D0%B0-%D0%BF%D0%BE-%D1%81%D0%BF%D0%B5%D1%86%D0%B8%D0%B0%D0%BB%D0%B8%D0%B7%D0%B8%D1%80%D0%BE%D0%B2%D0%B0%D0%BD%D0%BD%D1%8B%D0%BC-%D0%BA%D1%83%D0%BB%D1%8C%D1%82%D1%83%D1%80%D0%B0%D0%BC-at-syngenta-4434963164,Менеджер по развитию бизнеса по специализированным культурам,,scraped,2026-07-09T11:28:46.305146,
bfeac660fb309ef8,https://ru.linkedin.com/jobs/view/casual-academic-talent-pool-science-mathematics-statistics-at-unsw-4414883664,Casual Academic Talent Pool - Science - Mathematics & Statistics,UNSW,posted,2026-07-09T11:29:11.724571,234
8370ef300fe2955a,https://ru.linkedin.com/jobs/view/floor-care-technician-at-baycare-health-system-4438279011,Floor Care Technician,BayCare Health System,posted,2026-07-09T11:29:38.017084,236
51ba6805e823c574,https://ru.linkedin.com/jobs/view/production-controller-at-wellspect-healthcare-4396317890,Production Controller,,scraped,2026-07-09T11:29:40.345088,
28e5a211d1e7a258,https://ru.linkedin.com/jobs/view/clm-project-manager-at-epiq-4377947523,CLM - Project Manager,Epiq,posted,2026-07-09T11:30:01.295640,238
4ea6af60b789a84f,https://ru.linkedin.com/jobs/view/techops-engineer-jr-crm-at-tradequo-global-4438181972,TechOps Engineer (Jr CRM),,scraped,2026-07-09T11:30:04.035370,
cee3340c60746d05,https://ru.linkedin.com/jobs/view/head-of-data-engineering-and-architecture-at-epiroc-4436572660,Head of Data Engineering and Architecture,,scraped,2026-07-09T11:30:10.378007,
c9cf0fcf74dbe566,https://ru.linkedin.com/jobs/view/mri-technologist-outpt-at-baycare-health-system-4438257914,MRI Technologist-Outpt,BayCare Health System,posted,2026-07-09T11:30:24.587443,240
80f4ab807b3a37a6,https://ru.linkedin.com/jobs/view/staff-lead-software-engineer-back-end-bangkok-based-relocation-provided-at-agoda-4429942998,"Staff/Lead Software Engineer, Back End (Bangkok based - Relocation provided)",Agoda,posted,2026-07-09T11:30:51.087767,242
975331e7b50060db,https://ru.linkedin.com/jobs/view/staff-lead-software-engineer-back-end-bangkok-based-relocation-provided-at-agoda-4429952920,"Staff/Lead Software Engineer, Back End (Bangkok based - Relocation provided)",Agoda,posted,2026-07-09T11:30:59.731436,242
bb7b95ee4f46ae3a,https://ru.linkedin.com/jobs/view/%D1%81%D1%82%D0%B0%D1%80%D1%88%D0%B8%D0%B9-%D0%BC%D0%B5%D0%B4%D0%B8%D1%86%D0%B8%D0%BD%D1%81%D0%BA%D0%B8%D0%B9-%D0%BF%D1%80%D0%B5%D0%B4%D1%81%D1%82%D0%B0%D0%B2%D0%B8%D1%82%D0%B5%D0%BB%D1%8C-specialty-%D0%B3-%D0%B2%D0%BB%D0%B0%D0%B4%D0%B8%D0%B2%D0%BE%D1%81%D1%82%D0%BE%D0%BA-at-sandoz-4429563123,"Старший медицинский представитель (Specialty), г. Владивосток",,scraped,2026-07-09T11:31:04.140246,
3efbde08179fb19a,https://ru.linkedin.com/jobs/view/backend-lead-software-engineer-l5-%E2%80%94-bangkok-relocation-provided-at-agoda-4429959765,Backend Lead Software Engineer (L5) — Bangkok Relocation Provided,Agoda,posted,2026-07-09T11:31:24.599721,244
c26b5452f38c6179,https://ru.linkedin.com/jobs/view/backend-lead-software-engineer-l5-%E2%80%94-bangkok-relocation-provided-at-agoda-4429959761,Backend Lead Software Engineer (L5) — Bangkok Relocation Provided,Agoda,posted,2026-07-09T11:31:32.455784,244
b2f32f842cebfdec,https://ru.linkedin.com/jobs/view/uppdragsledare-mot-vattenverksamhet-och-nap-at-tyr%C3%A9ns-sweden-4427457457,Uppdragsledare mot vattenverksamhet och NAP,,scraped,2026-07-09T11:31:34.957966,
3c87a23bed1543e9,https://ru.linkedin.com/jobs/view/education-welfare-officer-term-time-only-pay-award-pending-at-bracknell-forest-council-4438623863,Education Welfare Officer - Term Time Only (pay award pending),,scraped,2026-07-09T18:28:57.713372,
3ac2375911d34def,https://ru.linkedin.com/jobs/view/legal-counsel-at-trip-com-group-4436886290,Legal Counsel,,scraped,2026-07-09T18:29:12.378671,
081e64113c8ed3a9,https://ru.linkedin.com/jobs/view/admin-manager-apapa-at-apm-terminals-4438671524,Admin Manager - Apapa,,scraped,2026-07-09T18:29:27.564152,
9a69a4ee31ab980a,https://ru.linkedin.com/jobs/view/marketing-manager-at-huabao-flavours-fragrances-co-ltd-4437380320,Marketing Manager,"Huabao Flavours &amp; Fragrances Co., Ltd.",posted,2026-07-09T18:30:00.505706,246
697a61a3c7ebcce7,https://ru.linkedin.com/jobs/view/venture-partner-%D0%B2-%D0%BC%D0%B5%D0%B6%D0%B4%D1%83%D0%BD%D0%B0%D1%80%D0%BE%D0%B4%D0%BD%D1%8B%D0%B9-it-%D0%BF%D1%80%D0%BE%D0%B5%D0%BA%D1%82-tec-delivery-at-tec-delivery-4435686312,Venture Partner в международный IT-проект TEC.DELIVERY.,,scraped,2026-07-09T18:30:05.204813,
8f0d15d16197f97e,https://ru.linkedin.com/jobs/view/sales-engineer-at-reemoon-china-4438196099,Sales Engineer,,scraped,2026-07-09T18:30:12.544458,
10a5975c19e029d2,https://ru.linkedin.com/jobs/view/%D0%BD%D0%B0%D1%87%D0%B0%D0%BB%D1%8C%D0%BD%D0%B8%D0%BA-%D0%BF%D0%BB%D0%B0%D0%BD%D0%BE%D0%B2%D0%BE-%D0%B1%D1%8E%D0%B4%D0%B6%D0%B5%D1%82%D0%BD%D0%BE%D0%B3%D0%BE-%D0%BE%D1%82%D0%B4%D0%B5%D0%BB%D0%B0-%D0%B3%D0%B2%D0%B8%D0%BD%D0%B5%D1%8F-%D0%B0%D1%84%D1%80%D0%B8%D0%BA%D0%B0-at-uc-rusal-4438600138,"Начальник планово-бюджетного отдела (Гвинея, Африка)",,scraped,2026-07-09T18:30:25.102419,
c8e121dc15d0b8c7,https://ru.linkedin.com/jobs/view/sales-manager-pv-energy-storage-inverter-at-luxpowertek-4436089853,Sales Manager-PV Energy Storage Inverter,,scraped,2026-07-09T18:30:40.525622,
6cf960253522c287,https://ru.linkedin.com/jobs/view/senior-software-engineer-python-and-data-ecosystem-at-clickhouse-4435681577,Senior Software Engineer - Python and Data Ecosystem,ClickHouse,posted,2026-07-09T18:31:04.245714,248
0395725d50e9ecce,https://ru.linkedin.com/jobs/view/%D0%BC%D0%B5%D0%BD%D0%B5%D0%B4%D0%B6%D0%B5%D1%80-%D0%BF%D0%BE-%D1%80%D0%B5%D0%B3%D0%B8%D1%81%D1%82%D1%80%D0%B0%D1%86%D0%B8%D0%B8-at-sandoz-4401516108,Менеджер по регистрации,,scraped,2026-07-09T18:31:22.911411,
b647dd8e18833916,https://ru.linkedin.com/jobs/view/associate-professor-in-cybersecurity-at-unsw-4415280067,Associate Professor in Cybersecurity,UNSW,posted,2026-07-09T18:32:04.722025,250
dfbf670ea38bb0f2,https://ru.linkedin.com/jobs/view/freight-broker-4435694761,Freight Broker,Telemax lead generation,posted,2026-07-09T23:57:46.004559,252
91f7165e0925e1fc,https://ru.linkedin.com/jobs/view/institutional-sales-manager-at-kucoin-exchange-4341131692,Institutional Sales Manager,,scraped,2026-07-09T23:58:02.613185,
9e9990aabca7e9e0,https://ru.linkedin.com/jobs/view/head-of-coffee-division-at-six-sense-executive-search-hr-risk-managment-4435680913,Head of Coffee Division,,scraped,2026-07-09T23:58:13.287211,
e64c42e471cbcb67,https://ru.linkedin.com/jobs/view/cpo-partner-product-partner-at-pim-4421125408,CPO Partner / Product Partner,,scraped,2026-07-09T23:58:20.266563,
1cb79d5c46384b6e,https://ru.linkedin.com/jobs/view/project-manager-relocation-to-cyprus-at-fxpro-4437827845,Project Manager (Relocation to Cyprus),FxPro,posted,2026-07-09T23:58:38.248287,254
7c3ea7eda0185a6a,https://ru.linkedin.com/jobs/view/customer-rep-sales-ghh-at-organon-4438808857,"Customer Rep., Sales GHH",Organon,posted,2026-07-09T23:58:54.033991,256
755a6ca40e290a4b,https://ru.linkedin.com/jobs/view/customer-representative-sales-ghh-at-organon-4438818511,"Customer Representative, Sales GHH",Organon,posted,2026-07-09T23:59:10.615021,258
7019767469029167,https://ru.linkedin.com/jobs/view/%D0%B8%D0%BD%D0%B6%D0%B5%D0%BD%D0%B5%D1%80-%D0%BF%D1%80%D0%BE%D0%B5%D0%BA%D1%82%D0%B8%D1%80%D0%BE%D0%B2%D1%89%D0%B8%D0%BA-%D0%BC%D1%83%D0%BB%D1%8C%D1%82%D0%B8%D0%BC%D0%B5%D0%B4%D0%B8%D0%B9%D0%BD%D1%8B%D0%B5-%D1%84%D0%B0%D1%81%D0%B0%D0%B4%D1%8B-at-artcollecting-web3-4435913277,Инженер-проектировщик (мультимедийные фасады),ArtCollecting Web3,posted,2026-07-09T23:59:37.797704,260
9a0f4a05ca3d826e,https://ru.linkedin.com/jobs/view/customer-rep-sales-ghh-at-organon-4438826244,"Customer Rep., Sales GHH",Organon,scraped,2026-07-10T00:00:08.284777,
fe3965b0438e03f7,https://ru.linkedin.com/jobs/view/repr%C3%A9sentant-e-aux-ventes-internes-aqueduc-at-wolseley-canada-inc-4438839725,Représentant(e) Aux Ventes Internes - Aqueduc,,scraped,2026-07-10T00:00:12.890453,
80bad2f9aa52bd26,https://ru.linkedin.com/jobs/view/%D0%BC%D0%B5%D0%B4%D0%B8%D1%86%D0%B8%D0%BD%D1%81%D0%BA%D0%B8%D0%B9-%D0%BF%D1%80%D0%B5%D0%B4%D1%81%D1%82%D0%B0%D0%B2%D0%B8%D1%82%D0%B5%D0%BB%D1%8C-medical-line-%D0%B3-%D0%BC%D0%BE%D1%81%D0%BA%D0%B2%D0%B0-%D0%B2%D0%B0%D0%BE-at-sandoz-4417757121,"Медицинский представитель (Medical Line) - г. Москва, ВАО",,scraped,2026-07-10T00:00:33.705895,
31bb39d349c03a11,https://ru.linkedin.com/jobs/view/engineering-manager-back-end-fintech-bangkok-based-relocation-provided-at-agoda-4429235529,"Engineering Manager, Back End - Fintech (Bangkok based, relocation provided)",Agoda,posted,2026-07-10T00:02:00.344227,262
26baafd6108ef622,https://ru.linkedin.com/jobs/view/%D1%81%D0%BF%D0%B5%D1%86%D0%B8%D0%B0%D0%BB%D0%B8%D1%81%D1%82-%D0%BF%D0%BE-%D1%80%D0%B0%D0%B1%D0%BE%D1%82%D0%B5-%D1%81-%D0%BA%D0%BB%D0%B8%D0%B5%D0%BD%D1%82%D0%B0%D0%BC%D0%B8-at-kws-group-4416595359,Специалист по работе с клиентами,,scraped,2026-07-10T00:02:02.706334,
cdcac637296f7738,https://ru.linkedin.com/jobs/view/%D1%81%D1%82%D0%B0%D1%80%D1%88%D0%B8%D0%B9-%D0%BC%D0%B5%D0%B4%D0%B8%D1%86%D0%B8%D0%BD%D1%81%D0%BA%D0%B8%D0%B9-%D0%BF%D1%80%D0%B5%D0%B4%D1%81%D1%82%D0%B0%D0%B2%D0%B8%D1%82%D0%B5%D0%BB%D1%8C-specialty-%D0%B3-%D0%B2%D0%BB%D0%B0%D0%B4%D0%B8%D0%B2%D0%BE%D1%81%D1%82%D0%BE%D0%BA-at-sandoz-4429554244,"Старший медицинский представитель (Specialty), г. Владивосток",,scraped,2026-07-10T00:02:09.265799,
9bdccc5d2cae76f3,https://ru.linkedin.com/jobs/view/certified-medical-assistant-at-vanderbilt-university-medical-center-4435920132,Certified Medical Assistant,Vanderbilt University Medical Center,posted,2026-07-10T00:02:24.655275,264
9aaa36a3aec77f91,https://ru.linkedin.com/jobs/view/senior-talent-acquisition-partner-remote-at-group-1-automotive-4428202724,Senior Talent Acquisition Partner (Remote),Group 1 Automotive,posted,2026-07-10T11:24:54.116663,266
95f4de1ada241004,https://ru.linkedin.com/jobs/view/registrar-at-baycare-health-system-4438833944,Registrar,BayCare Health System,posted,2026-07-10T11:25:09.617289,268
873c592c0afd71ed,https://ru.linkedin.com/jobs/view/assistant-manager-sales-marketing-at-dg-khan-cement-company-limited-4434808547,Assistant Manager Sales & Marketing,,scraped,2026-07-10T11:25:14.049320,
bba7e3d1a1735e84,https://ru.linkedin.com/jobs/view/assistant-marketing-h-f-at-legallais-4435745104,Assistant Marketing H/F,Legallais,posted,2026-07-10T11:25:51.148100,270
c8255fdcef4e8fb0,https://ru.linkedin.com/jobs/view/affiliate-manager-publisher-acquisition-growth-at-auctera%E2%84%A2-4435951269,Affiliate Manager - Publisher Acquisition & Growth,auctera™,posted,2026-07-10T11:26:02.978426,272
816c6ec0057cab8d,https://ru.linkedin.com/jobs/view/card-it-manager-at-tradequo-global-4439005904,Card IT Manager,,scraped,2026-07-10T11:26:19.620963,
c6fa3594b27b37e1,https://ru.linkedin.com/jobs/view/teaching-fellow-education-focused-mathematics-statistics-at-unsw-4435956908,Teaching Fellow - Education Focused - Mathematics & Statistics,UNSW,posted,2026-07-10T11:26:40.406790,274
0406f494e6fe9e96,https://ru.linkedin.com/jobs/view/impact-committee-member-wwf-uk-at-guardian-jobs-4438857614,"Impact Committee Member, WWF UK",,scraped,2026-07-10T11:26:46.908566,
642bea8fbaf326c9,https://ru.linkedin.com/jobs/view/registered-nurse-pcu-days-at-baycare-health-system-4439041778,Registered Nurse - PCU - Days,BayCare Health System,posted,2026-07-10T11:27:20.876754,276
3835af6aa22305e4,https://ru.linkedin.com/jobs/view/senior-go-%D1%80%D0%B0%D0%B7%D1%80%D0%B0%D0%B1%D0%BE%D1%82%D1%87%D0%B8%D0%BA-claude-mcp-skills-subagents-at-burning-buttons-4409879776,"Senior Go разработчик (Claude, mcp, skills, subagents)",,scraped,2026-07-10T11:27:31.592521,
57c984590aa5a79d,https://ru.linkedin.com/jobs/view/s%C3%A4kerhetsgranskare-signal-at-tyr%C3%A9ns-sweden-4427439779,Säkerhetsgranskare Signal,,scraped,2026-07-10T11:27:45.618768,
748b9834179a766f,https://ru.linkedin.com/jobs/view/plumbing-technician-hidraulik%C3%AB-at-hilton-4429971640,Plumbing Technician - Hidraulikë,Hilton,posted,2026-07-10T11:28:05.763626,278
376dd8dc7ec62f7f,https://ru.linkedin.com/jobs/view/analyst-senior-analyst-associate-manager-marketing-analytics-bangkok-based-relocation-provided-at-agoda-4410546478,"Analyst/Senior Analyst/Associate Manager, Marketing Analytics (Bangkok Based, relocation provided)",Agoda,posted,2026-07-10T11:28:23.436059,280
2a36dc529a927075,https://ru.linkedin.com/jobs/view/customer-care-manager-at-united-infrastructure-ltd-4438320398,Customer Care Manager,United Infrastructure Ltd,posted,2026-07-10T18:13:21.841777,282
84c1c78b798fc993,https://ru.linkedin.com/jobs/view/medical-office-rep-at-baycare-health-system-4439305964,Medical Office Rep,BayCare Health System,posted,2026-07-10T18:13:33.619190,72
36306b1bf0fd6f73,https://ru.linkedin.com/jobs/view/product-sales-specialist-at-ge-healthcare-4430728003,Product Sales Specialist,GE HealthCare,posted,2026-07-10T18:13:56.348633,284
69360542871258fd,https://ru.linkedin.com/jobs/view/international-sales-specialist-at-eminent4u-private-limited-4435961278,International Sales Specialist,,scraped,2026-07-10T18:13:58.776133,
46bf9b791eadda30,https://ru.linkedin.com/jobs/view/housekeeper-at-m%C3%B6venpick-hotel-residences-teuta-kotor-bay-4436612245,Housekeeper,Mövenpick Hotel & Residences Teuta Kotor Bay,posted,2026-07-10T18:15:01.676676,286
d1aceedd1350874e,https://ru.linkedin.com/jobs/view/medical-manager-at-novartis-4435650594,Medical Manager,,scraped,2026-07-10T18:15:34.374072,
7a2fa9b5b93fb864,https://ru.linkedin.com/jobs/view/medical-manager-at-novartis-4435647596,Medical Manager,,scraped,2026-07-10T18:15:40.926777,
2cd367202fa35b8c,https://ru.linkedin.com/jobs/view/user-experience-ux-designer-at-brmi-4439308318,User Experience (UX) Designer,BRMi,posted,2026-07-10T18:16:22.135409,288
9c56279d3b5c8b86,https://ru.linkedin.com/jobs/view/sales-engineer-at-macdermid-enthone-industrial-solutions-4437094186,Sales Engineer,MacDermid Enthone Industrial Solutions,posted,2026-07-10T18:16:36.361064,290
672a01003bf3444d,https://ru.linkedin.com/jobs/view/associate-manager-marketing-strategy-bangkok-based-relocation-provided-at-agoda-4410545645,"Associate Manager, Marketing Strategy (Bangkok Based, relocation provided)",Agoda,posted,2026-07-10T18:17:02.615059,206
88655a0241bb4c9a,https://ru.linkedin.com/jobs/view/%D0%BE%D0%BF%D0%B5%D1%80%D0%B0%D1%82%D0%BE%D1%80-%D0%BD%D0%B0%D0%BB%D0%B0%D0%B4%D1%87%D0%B8%D0%BA-1-%D0%BA%D0%B0%D1%82%D0%B5%D0%B3%D0%BE%D1%80%D0%B8%D0%B8-at-astrazeneca-4354797993,Оператор-наладчик 1 категории,AstraZeneca,posted,2026-07-10T18:17:33.937920,106
e0b22ba2e9352daf,https://ru.linkedin.com/jobs/view/%D0%BE%D0%BF%D0%B5%D1%80%D0%B0%D1%82%D0%BE%D1%80-%D0%BD%D0%B0%D0%BB%D0%B0%D0%B4%D1%87%D0%B8%D0%BA-1-%D0%BA%D0%B0%D1%82%D0%B5%D0%B3%D0%BE%D1%80%D0%B8%D0%B8-at-astrazeneca-4260911554,Оператор-наладчик 1 категории,AstraZeneca,scraped,2026-07-10T18:17:40.864176,
7f02a914e41b65e0,https://ru.linkedin.com/jobs/view/senior-analyst-associate-manager-marketing-strategy-bangkok-based-relocation-provided-at-agoda-4410537778,"Senior Analyst/ Associate Manager, Marketing Strategy (Bangkok based/ Relocation provided)",Agoda,posted,2026-07-10T18:18:08.898442,292
f95a5e88eac4850a,https://ru.linkedin.com/jobs/view/analyst-senior-analyst-b2b-digital-marketing-bangkok-based-relocation-provided-at-agoda-4420294240,"Analyst/Senior Analyst, B2B Digital Marketing (Bangkok Based, relocation provided)",Agoda,posted,2026-07-10T18:18:37.299037,294
86e11ff08fba9c7b,https://ru.linkedin.com/jobs/view/technical-product-analyst-at-brmi-4439362669,Technical Product Analyst,BRMi,posted,2026-07-10T23:39:21.777537,296
e353a8b82033932c,https://ru.linkedin.com/jobs/view/senior-sales-representative-ivd-at-mgi-4438303170,Senior Sales Representative (IVD),,scraped,2026-07-10T23:39:54.390929,
3247f70e3ad5238f,https://ru.linkedin.com/jobs/view/resident-liaison-officer-at-united-infrastructure-ltd-4418586255,Resident Liaison Officer,United Infrastructure Ltd,posted,2026-07-10T23:40:20.927431,298
8d21b341f82a7e33,https://ru.linkedin.com/jobs/view/head-of-machine-learning-at-tinkoff-4219196604,Head of Machine Learning,,scraped,2026-07-10T23:40:29.572360,
d31e45bc4cc36cfa,https://ru.linkedin.com/jobs/view/oncology-department-registrar-at-baycare-health-system-4439368683,Oncology Department Registrar,BayCare Health System,posted,2026-07-10T23:41:02.011487,300
f63c62963a15fb26,https://ru.linkedin.com/jobs/view/financial-controller-uk-remote-cpa-acca-aca-cima-at-acca-careers-4426635122,Financial Controller UK- Remote (CPA/ACCA/ACA/CIMA),,scraped,2026-07-10T23:41:10.574113,
64875c70382dc508,https://ru.linkedin.com/jobs/view/access-field-manager-at-novartis-4428013474,Access Field Manager,,scraped,2026-07-10T23:41:17.109979,
ffc071b5f641b5c4,https://ru.linkedin.com/jobs/view/impact-committee-member-wwf-uk-at-guardian-jobs-4438860381,"Impact Committee Member, WWF UK",,scraped,2026-07-10T23:41:25.457473,
f9f13ec36571981d,https://ru.linkedin.com/jobs/view/senior-design-manager-at-united-infrastructure-ltd-4429672215,Senior Design Manager,United Infrastructure Ltd,posted,2026-07-10T23:41:39.026149,302
2d618c08e2778036,https://ru.linkedin.com/jobs/view/armed-guard-at-constellis-4438913241,Armed Guard,Constellis,posted,2026-07-11T07:25:06.652081,304
86f9ad429d5fa903,https://ru.linkedin.com/jobs/view/ifrs-financial-reporting-and-accounting-methodology-at-ade-professional-solutions-4437149397,IFRS financial reporting and accounting methodology,,scraped,2026-07-11T07:25:43.282115,
61491637f7c2902b,https://ru.linkedin.com/jobs/view/customer-rep-sales-ghh-at-organon-4438815559,"Customer Rep., Sales GHH",Organon,posted,2026-07-11T07:26:21.783327,256
fb0da10d5023fb6a,https://ru.linkedin.com/jobs/view/sr-auditor-internal-audit-at-paypal-4401775436,"Sr Auditor, Internal Audit",PayPal,posted,2026-07-11T07:26:35.985184,306
83a847ddb0e79908,https://ru.linkedin.com/jobs/view/customer-rep-sales-ghh-at-organon-4438827130,"Customer Rep., Sales GHH",Organon,scraped,2026-07-11T07:26:42.042674,
c7a3f440efa69c93,https://ru.linkedin.com/jobs/view/customer-rep-sales-ghh-at-organon-4438826242,"Customer Rep., Sales GHH",Organon,scraped,2026-07-11T07:26:46.494725,
945446db9699084e,https://ru.linkedin.com/jobs/view/customer-rep-sales-ghh-at-organon-4438817554,"Customer Rep., Sales GHH",Organon,scraped,2026-07-11T07:26:50.992047,
4e41d71206edfe71,https://ru.linkedin.com/jobs/view/patient-access-svcs-rep-ii-at-baycare-health-system-4438532360,Patient Access Svcs Rep II,BayCare Health System,posted,2026-07-11T07:27:10.268871,308
8793226d01a5a9ee,https://ru.linkedin.com/jobs/view/teaching-fellow-education-focused-physics-at-unsw-4435967199,Teaching Fellow - Education Focused - Physics,UNSW,posted,2026-07-11T07:27:34.454217,310
210a5b78dc676347,https://ru.linkedin.com/jobs/view/senior-php-developer-relocation-to-cyprus-at-fxpro-4437196667,Senior PHP Developer (Relocation to Cyprus),FxPro,posted,2026-07-11T07:27:46.557086,80
5d42ca6150ccf109,https://ru.linkedin.com/jobs/view/registered-nurse-med-surg-oncology-days-at-baycare-health-system-4439044726,Registered Nurse - Med/Surg Oncology - Days,BayCare Health System,posted,2026-07-11T07:28:04.910199,312
6aaacc8346145829,https://ru.linkedin.com/jobs/view/head-of-community-engagement-at-the-progress-group-4438910943,Head of Community Engagement,,scraped,2026-07-11T11:46:08.779372,
91db867c5372cc1d,https://ru.linkedin.com/jobs/view/founding-marketing-partner-at-17vlt-4436609116,Founding Marketing Partner,17VLT,failed|wp_post_failed,2026-07-11T11:47:06.626208,
f04ff5f243f8cd28,https://ru.linkedin.com/jobs/view/digital-marketing-execution-manager-at-novartis-4436635758,Digital Marketing Execution Manager,,scraped,2026-07-11T11:47:31.252576,
3e8953f993aaf1ca,https://ru.linkedin.com/jobs/view/%D0%BE%D0%BF%D0%B5%D1%80%D0%B0%D1%82%D0%BE%D1%80-%D0%BD%D0%B0%D0%BB%D0%B0%D0%B4%D1%87%D0%B8%D0%BA-1-%D0%BA%D0%B0%D1%82%D0%B5%D0%B3%D0%BE%D1%80%D0%B8%D0%B8-at-astrazeneca-4419075108,Оператор-наладчик 1 категории,,scraped,2026-07-11T11:48:51.533845,
3cf1353d8a7b237b,https://ru.linkedin.com/jobs/view/materials-logistics-specialist-at-united-infrastructure-ltd-4419065787,Materials & Logistics Specialist,United Infrastructure Ltd,posted,2026-07-11T15:35:31.498480,314
eee9feaaa7d64660,https://ru.linkedin.com/jobs/view/sales-engineer-at-macdermid-enthone-industrial-solutions-4438919330,Sales Engineer,MacDermid Enthone Industrial Solutions,posted,2026-07-11T15:36:53.659475,290
e7857439ca1d92f9,https://ru.linkedin.com/jobs/view/client-advisor-ibiza-at-dolce-gabbana-4417967562,Client Advisor Ibiza,,scraped,2026-07-11T15:36:55.978847,
da594dbc760360d2,https://ru.linkedin.com/jobs/view/lecturer-senior-lecturer-phase-2-coordinator-rural-at-unsw-4435952994,"Lecturer / Senior Lecturer, Phase 2 Coordinator, Rural",UNSW,posted,2026-07-11T18:43:43.677777,316
e3fd3c3e0a8105e0,https://ru.linkedin.com/jobs/view/analyst-senior-analyst-pricing-marketing-bangkok-based-relocation-provided-at-agoda-4410545508,"Analyst/ Senior Analyst, Pricing Marketing (Bangkok Based, relocation provided)",Agoda,posted,2026-07-11T18:43:56.043875,224
99508e59db67ca85,https://ru.linkedin.com/jobs/view/senior-analyst-app-marketing-bangkok-based-relocation-provided-at-agoda-4410535631,"Senior Analyst, App Marketing (Bangkok Based, Relocation Provided)",Agoda,posted,2026-07-11T18:44:12.938089,208
a9b3386e63fb2fab,https://ru.linkedin.com/jobs/view/corrosion-prevention-engineer-at-tc-energy-4436632736,Corrosion Prevention Engineer,,scraped,2026-07-11T20:59:44.193826,
ab675db9b7617b02,https://ru.linkedin.com/jobs/view/associate-manager-customer-marketing-bangkok-based-relocation-provided-at-agoda-4410535824,"Associate Manager, Customer Marketing (Bangkok Based, Relocation Provided)",Agoda,posted,2026-07-11T21:00:29.463379,318
e61dd307ad5ad9ef,https://ru.linkedin.com/jobs/view/quality-data-coord-medical-records-at-baycare-health-system-4409139724,Quality Data Coord - Medical Records,BayCare Health System,posted,2026-07-11T21:01:02.843746,320
9d5bc5f886965075,https://ru.linkedin.com/jobs/view/xa%C3%A7maz-filial%C4%B1n%C4%B1n-mikro-kreditl%C9%99r-b%C3%B6lm%C9%99sinin-m%C3%BCt%C9%99x%C9%99ssisi-apar%C4%B1c%C4%B1-m%C3%BCt%C9%99x%C9%99ssisi-at-life-at-bir-4439143142,Xaçmaz Filialının Mikro Kreditlər Bölməsinin Mütəxəssisi/Aparıcı Mütəxəssisi,,scraped,2026-07-13T11:44:43.480731,
1251d2d1e4211ba7,https://ru.linkedin.com/jobs/view/sales-executive-at-tricom-power-4437216037,Sales Executive,,scraped,2026-07-13T11:44:56.030409,
9bde743e392698f9,https://ru.linkedin.com/jobs/view/experienced-technician-4437252223,Experienced Technician,Innovative Engiineers,posted,2026-07-13T11:45:19.434764,322
563d96f1c76313db,https://ru.linkedin.com/jobs/view/sales-agent-4437211170,Sales Agent,Digivolt,posted,2026-07-13T11:45:33.238707,324
148c23c4331523fa,https://ru.linkedin.com/jobs/view/%E6%8A%80%E6%9C%AF%E6%94%AF%E6%8C%81%E7%BB%8F%E7%90%86-at-green-fresh-fujian-foodstuff-co-ltd-4439769938,技术支持经理,,scraped,2026-07-13T11:45:35.862681,
7b95da0b30ec9e46,https://ru.linkedin.com/jobs/view/media-buyer-performance-marketing-russia-at-pear-media-llc-4437556450,Media Buyer (Performance Marketing)- Russia,Pear Media LLC,posted,2026-07-13T11:45:51.048193,326
08929474eeeff5da,https://ru.linkedin.com/jobs/view/%D1%80%D0%B5%D0%B3%D0%B8%D0%BE%D0%BD%D0%B0%D0%BB%D1%8C%D0%BD%D1%8B%D0%B9-%D0%B4%D0%B8%D1%80%D0%B5%D0%BA%D1%82%D0%BE%D1%80-%D0%BF%D0%BE-%D0%BF%D1%80%D0%BE%D0%B4%D0%B0%D0%B6%D0%B0%D0%BC-at-%D0%B0%D0%BE-%D1%84%D0%B0%D1%80%D0%BC-%D1%81%D0%B8%D0%BD%D1%82%D0%B5%D0%B7-jsc-pharm-sintez-4440026070,Региональный директор по продажам,,scraped,2026-07-13T11:45:53.417649,
599d80b0cca38dce,https://ru.linkedin.com/jobs/view/cis-business-development-manager-us-equities-cfd-at-mexc-4434420634,CIS Business Development Manager (US Equities/CFD),MEXC,posted,2026-07-13T11:46:10.006266,328
d384da2bbbe9ca34,https://ru.linkedin.com/jobs/view/lifecycle-management-manager-at-novartis-4428590709,Lifecycle Management Manager,,scraped,2026-07-13T11:46:44.707236,
9a9e4e629c55eff5,https://ru.linkedin.com/jobs/view/senior-leadership-development-consultant-at-agnus-consulting-investing-in-people-4440306127,Senior Leadership Development Consultant,,scraped,2026-07-15T07:31:29.130964,
0843c23a2973fd83,https://ru.linkedin.com/jobs/view/head-of-community-engagement-at-the-progress-group-4439440090,Head of Community Engagement,,scraped,2026-07-15T07:31:36.247539,
05e6cea0fd68df82,https://ru.linkedin.com/jobs/view/brand-communication-director-at-betboom-latam-4439907200,Brand & Communication Director,BetBoom LATAM,posted,2026-07-15T07:31:57.408826,330
ad6fa2b1e73e453a,https://ru.linkedin.com/jobs/view/research-scholar-at-cyber-jurisprudence-international-initiative-cyjurii-4440060825,Research- Scholar,,scraped,2026-07-15T07:32:02.110739,
d95f78a406e83b86,https://ru.linkedin.com/jobs/view/brand-manager-at-novartis-4437648116,Brand Manager,,scraped,2026-07-15T07:32:13.076595,
a7aa2718fe48ca03,https://ru.linkedin.com/jobs/view/staff-officers-hq-kfor-at-swiss-federal-administration-4439886610,Staff Officers HQ KFOR,,scraped,2026-07-15T07:32:19.321154,
43d264c29e2e5b1e,https://ru.linkedin.com/jobs/view/head-of-patient-support-programs-at-takeda-4438050730,Head of Patient Support Programs,,scraped,2026-07-15T07:32:27.276296,
0d8bcfbe15a85159,https://ru.linkedin.com/jobs/view/channel-business-development-manager-at-optimize-integration-group-oig-4440514423,Channel Business Development Manager,Optimize Integration Group (OIG),posted,2026-07-15T07:32:42.927723,332
30669dc62f1170c7,https://ru.linkedin.com/jobs/view/talent-acquisition-advisor-at-ampact-4439920256,Talent Acquisition Advisor,Ampact,posted,2026-07-15T07:32:56.627274,334
d6dc3859a8c8befe,https://ru.linkedin.com/jobs/view/medical-assistant-at-baycare-health-system-4440354145,Medical Assistant,BayCare Health System,posted,2026-07-15T07:33:07.897667,336
bb942364df65a79c,https://ru.linkedin.com/jobs/view/%D0%BC%D0%B5%D0%BD%D0%B5%D0%B4%D0%B6%D0%B5%D1%80-%D0%BF%D0%BE-%D0%BF%D1%80%D0%BE%D0%B4%D0%B0%D0%B6%D0%B0%D0%BC-b2b-at-wafe-4435987009,Менеджер по продажам B2B,,scraped,2026-07-15T07:33:10.565261,
3ba18d0a98f6df67,https://ru.linkedin.com/jobs/view/staff-officers-hq-kfor-at-swiss-federal-administration-4439891448,Staff Officers HQ KFOR,,scraped,2026-07-15T07:33:17.937273,
4f669d02545a814b,https://ru.linkedin.com/jobs/view/customer-access-liaison-officer-at-accent-group-ltd-4440591861,Customer Access Liaison Officer,,scraped,2026-07-15T07:33:25.438714,
e123026701166349,https://ru.linkedin.com/jobs/view/accountant-at-skyworth-4440900408,Accountant,,scraped,2026-07-15T07:33:35.346417,
848c828c04d144d2,https://ru.linkedin.com/jobs/view/%D0%B4%D0%B8%D1%80%D0%B5%D0%BA%D1%82%D0%BE%D1%80-%D0%BF%D0%BE-%D0%BA%D0%B0%D1%87%D0%B5%D1%81%D1%82%D0%B2%D1%83-at-interview-culture-4437679800,Директор по качеству,,scraped,2026-07-15T07:33:50.158068,
04c4d51f8072b385,https://ru.linkedin.com/jobs/view/sales-manager-broker-at-iberhomes-4439103725,Sales Manager / Broker,,scraped,2026-07-15T07:33:58.537775,
e41371aa15432c46,https://ru.linkedin.com/jobs/view/teamlead-php-%D1%80%D0%B0%D0%B7%D1%80%D0%B0%D0%B1%D0%BE%D1%82%D1%87%D0%B8%D0%BA-at-yclients-4438174935,TeamLead PHP-разработчик,,scraped,2026-07-15T07:34:05.396384,
c9aea25c78837f35,https://ru.linkedin.com/jobs/view/pharmacist-25-5-hours-at-asda-4403490157,Pharmacist - 25.5 hours,,scraped,2026-07-15T07:34:14.573752,
01ca458cfe08b789,https://ru.linkedin.com/jobs/view/pionier-maurer-m-w-at-swiss-federal-administration-4439877962,Pionier Maurer (m/w),,scraped,2026-07-15T07:34:22.496352,
87247b90ff2241d4,https://ru.linkedin.com/jobs/view/milit%C3%A4risches-kaderspersonal-m-w-at-swiss-federal-administration-4439887578,Militärisches Kaderspersonal (m/w),,scraped,2026-07-15T07:34:30.151788,
c1a249d2d7dd9a51,https://ru.linkedin.com/jobs/view/troupe-et-cadres-dans-le-domaine-de-la-restauration-h-f-at-swiss-federal-administration-4439879762,Troupe et cadres dans le domaine de la restauration (h/f),,scraped,2026-07-15T07:34:37.682533,
316cc622fd1a0a0c,https://ru.linkedin.com/jobs/view/un-conducteur-ou-une-conductrice-et-auxiliaire-de-transport-at-swiss-federal-administration-4439896341,Un conducteur ou une conductrice et auxiliaire de transport,,scraped,2026-07-15T07:34:45.082365,
af6c1e3df8bdaf92,https://ru.linkedin.com/jobs/view/pionniers-constructeurs-h-f-at-swiss-federal-administration-4439890485,Pionniers constructeurs (h/f),,scraped,2026-07-15T07:34:52.686912,
b742256f5412b04b,https://ru.linkedin.com/jobs/view/mannschaft-und-kader-im-gastgewerblichen-bereich-m-w-at-swiss-federal-administration-4439893455,Mannschaft und Kader im gastgewerblichen Bereich (m/w),,scraped,2026-07-15T07:35:00.203000,
16481657563048d0,https://ru.linkedin.com/jobs/view/fahrer-in-transporthelfer-in-at-swiss-federal-administration-4439878926,Fahrer/in / Transporthelfer/in,,scraped,2026-07-15T07:35:07.907570,
3847d48036a77579,https://ru.linkedin.com/jobs/view/m%C3%A9catronicien-ne-sur-automobiles-et-camions-at-swiss-federal-administration-4439893452,Mécatronicien/ne sur automobiles et camions,,scraped,2026-07-15T07:35:17.353349,
0a196bd97f71ff35,https://ru.linkedin.com/jobs/view/lkw-automobil-mechatroniker-in-at-swiss-federal-administration-4439887570,LKW-/Automobil-Mechatroniker/in,,scraped,2026-07-15T07:35:25.331139,
7594e60d27cc85bf,https://ru.linkedin.com/jobs/view/infrastruktur-spezialist-in-elektrik-starkstrom-at-swiss-federal-administration-4439887576,Infrastruktur Spezialist/in Elektrik / Starkstrom,,scraped,2026-07-15T07:35:34.923423,
a8fa998973c62ec1,https://ru.linkedin.com/jobs/view/ultrasound-technologist-breast-center-at-baycare-health-system-4440804031,Ultrasound Technologist - Breast Center,BayCare Health System,posted,2026-07-15T07:36:03.195486,338
7cf6b11928508c1a,https://ru.linkedin.com/jobs/view/lecturer-senior-lecturer-chemistry-at-unsw-4437251714,Lecturer/Senior Lecturer - Chemistry,UNSW,posted,2026-07-15T07:36:16.285875,340
a91ce395bd64d5e8,https://ru.linkedin.com/jobs/view/lecturer-senior-lecturer-in-software-engineering-at-unsw-4429432985,Lecturer/Senior Lecturer in Software Engineering,UNSW,posted,2026-07-15T07:36:29.861008,342
b21855f21df7efef,https://ru.linkedin.com/jobs/view/lecturer-senior-lecturer-education-focussed-in-cybersecurity-at-unsw-4418395708,Lecturer/Senior Lecturer (Education Focussed) in Cybersecurity,UNSW,posted,2026-07-15T07:36:44.338044,344
38044e569d8ef6df,https://ru.linkedin.com/jobs/view/design-product-designer-l2-senior-enterprise-products-at-agoda-4440508999,[Design]Product Designer L2/Senior (Enterprise Products),Agoda,posted,2026-07-15T07:37:02.207698,346
c812dc3c1b3b0d9e,https://ru.linkedin.com/jobs/view/associate-manager-customer-marketing-bangkok-based-relocation-provided-at-agoda-4410537868,"Associate Manager, Customer Marketing (Bangkok Based, Relocation Provided)",Agoda,posted,2026-07-15T07:37:12.069473,318
67698975c338599e,https://ru.linkedin.com/jobs/view/lecturer-senior-lecturer-in-transport-engineering-at-unsw-4428945238,Lecturer / Senior Lecturer in Transport Engineering,UNSW,posted,2026-07-15T07:37:24.585426,348
977986435b671e5a,https://ru.linkedin.com/jobs/view/registered-nurse-er-mids-varies-at-baycare-health-system-4440598155,Registered Nurse ER Mids Varies,BayCare Health System,posted,2026-07-15T07:37:40.863208,350
74def81c5b06f7ea,https://ru.linkedin.com/jobs/view/brig%C3%A1dnik-dbp%C5%A1-dp%C4%8D-%C5%A1tudenti-a-dohod%C3%A1ri-at-action-4431122289,Brigádnik DBPŠ/DPČ (študenti a dohodári),,scraped,2026-07-15T07:37:43.232769,
d3a68a2e703873ae,https://ru.linkedin.com/jobs/view/analyst-senior-analyst-b2b-digital-marketing-bangkok-based-relocation-provided-at-agoda-4420296026,"Analyst/Senior Analyst, B2B Digital Marketing (Bangkok Based, relocation provided)",Agoda,posted,2026-07-15T07:38:02.133740,352
9511a07f07b5d80b,https://ru.linkedin.com/jobs/view/%D0%BE%D0%BF%D0%B5%D1%80%D0%B0%D1%82%D0%BE%D1%80-%D0%BD%D0%B0%D0%BB%D0%B0%D0%B4%D1%87%D0%B8%D0%BA-1-%D0%BA%D0%B0%D1%82%D0%B5%D0%B3%D0%BE%D1%80%D0%B8%D0%B8-at-astrazeneca-4379697714,Оператор-наладчик 1 категории,AstraZeneca,posted,2026-07-15T07:38:11.990333,106
6705ec6d2dda62fa,https://ru.linkedin.com/jobs/view/nurse-practitioner-ob-gyn-at-capital-health-us-4307260737,Nurse Practitioner - OB/GYN,Capital Health (US),posted,2026-07-15T07:38:21.734208,354
d6efad0e36b1f1f9,https://ru.linkedin.com/jobs/view/join-our-talent-pool-at-kyra-4422987922,Join Our Talent Pool,,scraped,2026-07-17T07:36:11.035884,
0aacedcd42dc3ece,https://ru.linkedin.com/jobs/view/lead-estimator-at-octavius-infrastructure-4440951939,Lead Estimator,,scraped,2026-07-17T07:36:19.733870,
3e5241033409570a,https://ru.linkedin.com/jobs/view/personnel-militaire-et-cadres-civils-h-f-at-swiss-federal-administration-4439894437,Personnel militaire et cadres civils (h/f),,scraped,2026-07-17T07:36:31.645815,
a4cc2869d690e594,https://ru.linkedin.com/jobs/view/assistant-materials-controller-at-united-infrastructure-ltd-4440755401,Assistant Materials Controller,United Infrastructure Ltd,posted,2026-07-17T07:36:50.389232,356
ccfd18dc1b7832ed,https://ru.linkedin.com/jobs/view/community-operations-attendance-coordinator-at-the-progress-group-4440283570,Community Operations & Attendance Coordinator,,scraped,2026-07-17T07:36:52.907124,
2c8478557ed49223,https://ru.linkedin.com/jobs/view/senior-brand-manager-at-novartis-4419627343,Senior Brand Manager,,scraped,2026-07-17T07:37:00.389083,
140334ebcd7acf39,https://ru.linkedin.com/jobs/view/strategic-operations-manager-at-yandex-go-4439869971,Strategic Operations Manager,Yandex Go,posted,2026-07-17T07:37:19.568502,358
e70ab24521f420bf,https://ru.linkedin.com/jobs/view/business-development-market-expansion-at-idmpakistan-4438077957,Business Development Market Expansion,,scraped,2026-07-17T07:37:22.005931,
3ec5f2e22b464d25,https://ru.linkedin.com/jobs/view/early-career-trainee-commercial-management-junior-specialist-at-ge-healthcare-4413440698,Early Career Trainee - Commercial Management Junior Specialist,GE HealthCare,posted,2026-07-17T07:37:33.937071,360
29fa72ca6555ac2f,https://ru.linkedin.com/jobs/view/financial-business-consultant-at-adamjee-takaful-4438419160,Financial Business Consultant,Adamjee Takaful,posted,2026-07-17T07:37:42.809163,362
7ce4e765c61132d9,https://ru.linkedin.com/jobs/view/executive-assistant-to-the-vice-president-and-chief-financial-officer-at-new-development-bank-ndb-4438785853,Executive Assistant to the Vice President and Chief Financial Officer,,scraped,2026-07-17T07:37:45.419269,
ae5d13a3d798958c,https://ru.linkedin.com/jobs/view/operador-de-producci%C3%B3n-canatl%C3%A1n-at-yazaki-north-america-4072312273,Operador de Producción - Canatlán,Yazaki North America,posted,2026-07-17T07:38:02.299960,364
bac11e58a77de850,https://ru.linkedin.com/jobs/view/m-a-research-data-analyst-at-jonas-software-4342292223,M&A Research & Data Analyst,,scraped,2026-07-17T07:38:04.916689,
2ae9e19d7a257e47,https://ru.linkedin.com/jobs/view/legal-solutions-consultant-e-discovery-managed-review-at-ist-management-4439421599,"Legal Solutions Consultant - e-Discovery, Managed Review",IST Management,posted,2026-07-17T07:38:18.182568,366
7ea8be7d68e75533,https://ru.linkedin.com/jobs/view/director-product-management-ems-patient-charting-solutions-at-zoll-medical-corporation-4441148376,"Director, Product Management, EMS Patient Charting Solutions",ZOLL Medical Corporation,posted,2026-07-17T07:38:27.411673,368
ed3b953121285e07,https://ru.linkedin.com/jobs/view/senior-airport-services-agent-at-qatar-airways-4440236667,Senior Airport Services Agent,Qatar Airways,posted,2026-07-17T07:39:02.039368,370
ec6931c0c9af3d73,https://ru.linkedin.com/jobs/view/legal-solutions-consultant-e-discovery-at-ist-management-4439147720,Legal Solutions Consultant - e-Discovery,IST Management,posted,2026-07-17T07:39:11.075246,372
e8765840383bbd79,https://ru.linkedin.com/jobs/view/ai-analyst-remote-at-hire-feed-4441934729,AI Analyst (Remote),Hire Feed,posted,2026-07-17T07:39:18.040012,374
1ec318b3b97d6249,https://ru.linkedin.com/jobs/view/%D1%80%D1%83%D0%BA%D0%BE%D0%B2%D0%BE%D0%B4%D0%B8%D1%82%D0%B5%D0%BB%D1%8C-%D0%BE%D1%82%D1%80%D0%B0%D1%81%D0%BB%D0%B5%D0%B2%D0%BE%D0%B9-%D0%BF%D1%80%D0%B0%D0%BA%D1%82%D0%B8%D0%BA%D0%B8-%D1%82%D0%B5%D1%85%D0%BD%D0%BE%D0%BB%D0%BE%D0%B3%D0%B8%D1%87%D0%B5%D1%81%D0%BA%D0%B8%D0%B5-%D0%BA%D0%BE%D0%BC%D0%BF%D0%B0%D0%BD%D0%B8%D0%B8-non-it-at-s-q-n-4441455345,"Руководитель отраслевой практики (Технологические компании, non IT)",,scraped,2026-07-17T07:39:22.643512,
52f7ab7f0123bf93,https://ru.linkedin.com/jobs/view/marine-operations-superintendent-at-seagate-space-4441110186,Marine Operations Superintendent,Seagate Space,posted,2026-07-17T07:39:36.253604,376
fe77f5dddb884c9b,https://ru.linkedin.com/jobs/view/%D0%B8%D0%BD%D0%B6%D0%B5%D0%BD%D0%B5%D1%80-%D0%B2%D1%8B%D0%B5%D0%B7%D0%B4%D0%BD%D0%BE%D0%B9-%D1%81%D0%BB%D1%83%D0%B6%D0%B1%D1%8B-%D1%82%D0%B5%D1%85%D0%BD%D0%B8%D1%87%D0%B5%D1%81%D0%BA%D0%BE%D0%B9-%D0%BF%D0%BE%D0%B4%D0%B4%D0%B5%D1%80%D0%B6%D0%BA%D0%B8-4441933769,Инженер выездной службы технической поддержки,Мой заказчик,failed|wp_post_failed,2026-07-17T07:39:41.739370,
0048ada2a163ecda,https://ru.linkedin.com/jobs/view/staff-software-engineer-golang-at-block-labs-4440236729,"Staff Software Engineer, Golang",,scraped,2026-07-17T07:39:46.284306,
c1027ba95f7f048d,https://ru.linkedin.com/jobs/view/%D0%B8%D0%BD%D0%B2%D0%B5%D1%81%D1%82%D0%B8%D1%86%D0%B8%D0%BE%D0%BD%D0%BD%D1%8B%D0%B9-%D0%B0%D0%BD%D0%B0%D0%BB%D0%B8%D1%82%D0%B8%D0%BA-%D0%BD%D0%B0%D0%BF%D1%80%D0%B0%D0%B2%D0%BB%D0%B5%D0%BD%D0%B8%D0%B5-fixed-income-credit-research-at-aigenis-llc-4438497403,Инвестиционный аналитик (направление Fixed Income / Credit Research),,scraped,2026-07-17T07:39:52.585661,
89f14b4959dd5560,https://ru.linkedin.com/jobs/view/senior-aviation-electrical-engineer-at-rs-h-4431682329,Senior Aviation Electrical Engineer,RS&amp;H,posted,2026-07-17T07:40:10.617622,378
1e6ca64b15254661,https://ru.linkedin.com/jobs/view/design-manager-relocation-to-armenia-at-cpj-limited-4438495374,Design Manager | Relocation to Armenia,CPJ LIMITED,posted,2026-07-17T07:40:19.766970,380
7aece855f966e58d,https://ru.linkedin.com/jobs/view/sr-key-account-manager-cis-at-mova-tech-4440521231,Sr. Key Account Manager - CIS,,scraped,2026-07-17T07:40:22.380796,
5e5eaeab9bb9c6fe,https://ru.linkedin.com/jobs/view/gsd-senior-staff-endpoint-systems-engineer-l3-%E2%80%93-bangkok-based-at-agoda-4441438544,(GSD) Senior/Staff Endpoint Systems Engineer (L3) – Bangkok Based,Agoda,posted,2026-07-17T07:40:39.461136,382
60de815f73849ae3,https://ru.linkedin.com/jobs/view/shift-supervisor-at-constellis-4438917128,Shift Supervisor,Constellis,posted,2026-07-17T07:40:50.858086,384
71dead9d27ae2731,https://ru.linkedin.com/jobs/view/field-service-engineer-at-ge-healthcare-4412164534,Field Service Engineer,GE HealthCare,posted,2026-07-17T07:40:58.808729,386
406bd33af08cf3cb,https://ru.linkedin.com/jobs/view/aviation-electrical-engineer-at-rs-h-4441638103,Aviation Electrical Engineer,RS&amp;H,posted,2026-07-17T07:41:09.566323,388
bf2f40f743cfc0c1,https://ru.linkedin.com/jobs/view/registered-nurse-er-days-at-baycare-health-system-4440072469,Registered Nurse ER Days,BayCare Health System,posted,2026-07-17T07:41:18.761398,390
928c15abd601984c,https://ru.linkedin.com/jobs/view/environmental-services-technician-at-baycare-health-system-4441618517,Environmental Services Technician,BayCare Health System,posted,2026-07-17T07:41:23.521420,48
3fef082559af216e,https://ru.linkedin.com/jobs/view/lab-medical-asst-ii-at-baycare-health-system-4441678595,Lab Medical Asst II,BayCare Health System,posted,2026-07-17T07:41:38.671001,392
7e7ad219a45b8c25,https://ru.linkedin.com/jobs/view/charge-nurse-pcu-days-at-baycare-health-system-4440335942,Charge Nurse - PCU - Days,BayCare Health System,posted,2026-07-17T07:41:47.684208,394
4dd1d295f4e20bb8,https://ru.linkedin.com/jobs/view/senior-brand-manager-at-novartis-4419623845,Senior Brand Manager,,scraped,2026-07-17T07:41:50.344586,
ebda7730b2b038be,https://ru.linkedin.com/jobs/view/clinical-nurse-ii-at-baycare-health-system-4440346495,Clinical Nurse II,BayCare Health System,posted,2026-07-17T07:42:06.009081,396
b8b0377a3a53730a,https://ru.linkedin.com/jobs/view/registered-nurse-med-surg-post-surgical-nights-at-baycare-health-system-4440504113,Registered Nurse - Med/Surg Post Surgical - Nights,BayCare Health System,posted,2026-07-17T07:42:15.766721,398
43ae8423d9635f99,https://ru.linkedin.com/jobs/view/lecturer-senior-lecturer-in-cryptography-at-unsw-4418390800,Lecturer/Senior Lecturer in Cryptography,UNSW,posted,2026-07-17T07:42:37.680277,400
5caa4d52c215e7df,https://ru.linkedin.com/jobs/view/cardiac-vascular-sonographer-at-baycare-health-system-4441293029,Cardiac-Vascular Sonographer,BayCare Health System,posted,2026-07-17T07:42:46.741159,402
bd0178bdc109f84b,https://ru.linkedin.com/jobs/view/environmental-services-technician-at-baycare-health-system-4441627084,Environmental Services Technician,BayCare Health System,scraped,2026-07-17T07:42:50.831690,
8d87ea8c92da7a0b,https://ru.linkedin.com/jobs/view/lecturer-senior-lecturer-in-neurosymbolic-artificial-intelligence-at-unsw-4418384752,Lecturer/Senior Lecturer in Neurosymbolic Artificial Intelligence,UNSW,posted,2026-07-17T07:43:00.402847,404
fd4b1bfeca8d9aeb,https://ru.linkedin.com/jobs/view/%D0%BC%D0%B5%D0%B4%D0%B8%D1%86%D0%B8%D0%BD%D1%81%D0%BA%D0%B8%D0%B9-%D0%BF%D1%80%D0%B5%D0%B4%D1%81%D1%82%D0%B0%D0%B2%D0%B8%D1%82%D0%B5%D0%BB%D1%8C-pharmacy-line-%D0%B3-%D1%81%D0%B0%D0%BC%D0%B0%D1%80%D0%B0-at-sandoz-4433337706,"Медицинский представитель (Pharmacy Line), г. Самара",Sandoz,posted,2026-07-17T07:43:11.717538,406
c75e89f1e52bc83d,https://ru.linkedin.com/jobs/view/restaurant-team-member-at-whitbread-4440967069,Restaurant Team Member,,scraped,2026-07-17T07:43:14.197048,
759bb55bd2ead4ff,https://ru.linkedin.com/jobs/view/registered-nurse-er-mids-at-baycare-health-system-4440072470,Registered Nurse ER Mids,BayCare Health System,posted,2026-07-17T07:43:34.807715,408
de4e10d56f0df00c,https://ru.linkedin.com/jobs/view/registered-nurse-er-mids-at-baycare-health-system-4440066695,Registered Nurse ER Mids,BayCare Health System,scraped,2026-07-17T07:43:38.973280,
746203e9b536288c,https://ru.linkedin.com/jobs/view/head-mixologist-at-hilton-4423012775,Head Mixologist,Hilton,posted,2026-07-17T07:43:48.878617,410
8ae445a4dce34480,https://ru.linkedin.com/jobs/view/%D0%BE%D0%BF%D0%B5%D1%80%D0%B0%D1%82%D0%BE%D1%80-%D0%BD%D0%B0%D0%BB%D0%B0%D0%B4%D1%87%D0%B8%D0%BA-1-%D0%BA%D0%B0%D1%82%D0%B5%D0%B3%D0%BE%D1%80%D0%B8%D0%B8-at-astrazeneca-4291935319,Оператор-наладчик 1 категории,AstraZeneca,posted,2026-07-17T07:43:56.565752,106
31460d002c4c55b1,https://ru.linkedin.com/jobs/view/workers-comp-claims-specialist-at-zenith-insurance-company-united-states-4439644190,Workers' Comp Claims Specialist,Zenith Insurance Company (United States),posted,2026-07-19T07:52:38.344284,412
b6a6d2410618e5ba,https://ru.linkedin.com/jobs/view/ultrasound-technologist-at-baycare-health-system-4440857683,Ultrasound Technologist,BayCare Health System,posted,2026-07-19T07:52:57.507181,414
3609d6d531afd489,https://ru.linkedin.com/jobs/view/%D0%B8%D0%BD%D0%B6%D0%B5%D0%BD%D0%B5%D1%80-%D0%BF%D0%BE-%D1%8D%D0%BA%D1%81%D0%BF%D0%BB%D1%83%D0%B0%D1%82%D0%B0%D1%86%D0%B8%D0%B8-%D0%BE%D0%B2%D0%B8%D0%BA-at-%D1%84%D1%81%D0%BA-4422271063,Инженер по эксплуатации ОВиК,ФСК,failed|wp_post_failed,2026-07-19T07:53:07.617667,
e294e59d473f611d,https://ru.linkedin.com/jobs/view/indirect-procurement-business-partner-at-syngenta-4442132565,Indirect Procurement Business Partner,,scraped,2026-07-19T07:53:12.229057,
7b213dc420053537,https://ru.linkedin.com/jobs/view/ultrasound-technologist-at-baycare-health-system-4440851917,Ultrasound Technologist,BayCare Health System,scraped,2026-07-19T07:53:21.943720,
3e722d196d99df76,https://ru.linkedin.com/jobs/view/category-manager-at-jd-com-4432566012,Category Manager,,scraped,2026-07-19T07:53:26.351974,
c023b0f0e02815d2,https://ru.linkedin.com/jobs/view/%D0%BC%D0%B5%D0%BD%D0%B5%D0%B4%D0%B6%D0%B5%D1%80-%D0%BF%D0%BE-%D0%BF%D1%80%D0%BE%D0%B4%D0%B0%D0%B6%D0%B0%D0%BC-at-grow-faster-4437264998,Менеджер по продажам,Grow Faster,failed|wp_post_failed,2026-07-19T07:53:35.256602,
b52c330246e7198d,https://ru.linkedin.com/jobs/view/infrastruktur-spezialist-in-sanit%C3%A4r-at-swiss-federal-administration-4439891452,Infrastruktur Spezialist/in Sanitär,,scraped,2026-07-19T07:53:37.915803,
3b43a51c64be1134,https://ru.linkedin.com/jobs/view/business-development-representative-1-at-ab-inbev-africa-4440757158,Business Development Representative 1,,scraped,2026-07-19T07:53:45.498989,
317f45c66af1b188,https://ru.linkedin.com/jobs/view/retail-sales-manager-at-roborock-4387682381,Retail Sales Manager,,scraped,2026-07-19T07:53:52.214807,
a7b5c575661c9018,https://ru.linkedin.com/jobs/view/fullstack-qa-kotlin-at-%D1%84%D0%BE%D1%80%D0%BC%D0%B0%D1%82-%D0%BA%D0%BE%D0%B4%D0%B0-4439295810,Fullstack QA (Kotlin),Формат кода,posted,2026-07-19T07:54:06.269578,416
952e65e0b1699e73,https://ru.linkedin.com/jobs/view/accounts-payable-accountant-at-hilton-4423002922,Accounts Payable Accountant,Hilton,posted,2026-07-19T07:54:13.958066,418
c59499f9c3f09222,https://ru.linkedin.com/jobs/view/svc-spec-iii-completions-at-halliburton-4439999896,Svc Spec III-Completions,Halliburton,posted,2026-07-19T07:54:22.202112,420
cd2f25cd61ae72e5,https://ru.linkedin.com/jobs/view/sp%C3%A9cialiste-h-f-transmissions-et-informatique-at-swiss-federal-administration-4439895351,Spécialiste (h/f) transmissions et informatique,,scraped,2026-07-19T07:54:24.688542,
2de306b6e0290da3,https://ru.linkedin.com/jobs/view/tele-triage-licensed-practical-nurse-lpn-at-starting-point-nursing-services-4441178448,Tele-Triage Licensed Practical Nurse - LPN,Starting Point Nursing Services,posted,2026-07-19T07:54:39.480524,422
c9ee726ec6abe685,https://ru.linkedin.com/jobs/view/c%2B%2B-developer-%D1%81%D0%B5%D1%82%D0%B5%D0%B2%D1%8B%D0%B5-%D1%82%D0%B5%D1%85%D0%BD%D0%BE%D0%BB%D0%BE%D0%B3%D0%B8%D0%B8-at-star-staff-4438475130,C++ developer (сетевые технологии),,scraped,2026-07-19T07:54:46.084225,
be73999dd4f78c74,https://ru.linkedin.com/jobs/view/environmental-services-technician-at-baycare-health-system-4442181642,Environmental Services Technician,BayCare Health System,posted,2026-07-19T07:54:55.853458,48
f37aea0e168c595e,https://ru.linkedin.com/jobs/view/sales-associate-at-trek-bicycle-4366330709,Sales Associate,Trek Bicycle,posted,2026-07-19T07:55:04.084356,424
964b4bcb5dc40d89,https://ru.linkedin.com/jobs/view/heor-lead-at-novartis-4439273270,HEOR Lead,,scraped,2026-07-19T07:55:12.742039,
67fe42998e543ec4,https://ru.linkedin.com/jobs/view/clinical-nurse-iii-behavioral-health-at-baycare-health-system-4442115948,Clinical Nurse III - Behavioral Health,BayCare Health System,posted,2026-07-19T07:55:26.249677,426
a59f920bd171b08d,https://ru.linkedin.com/jobs/view/sports-data-collector-football-karaganda-kazakhstan-at-genius-sports-4439269768,"Sports Data Collector (Football) - Karaganda, Kazakhstan",,scraped,2026-07-19T07:55:28.567430,
93169bc9923f2ba9,https://ru.linkedin.com/jobs/view/sp%C3%A9cialiste-h-f-en-infrastructures-%C3%A9lectriques-courant-fort-at-swiss-federal-administration-4439885640,Spécialiste (h/f) en infrastructures électriques / courant fort,,scraped,2026-07-19T07:55:35.124634,
a91b94099a229d40,https://ru.linkedin.com/jobs/view/field-service-engineer-at-esab-corporation-4414686350,Field Service Engineer,ESAB Corporation,posted,2026-07-19T07:55:45.706014,386
609afe1d52aac594,https://ru.linkedin.com/jobs/view/clinical-nurse-ii-behavioral-health-at-baycare-health-system-4442125508,Clinical Nurse II - Behavioral Health,BayCare Health System,posted,2026-07-19T07:55:54.886205,428
71739c3e1ecbbb5a,https://ru.linkedin.com/jobs/view/production-operation-internship-at-jd-com-4414716609,Production Operation internship,,scraped,2026-07-19T07:55:57.336297,
90793b18b9a5e67b,https://ru.linkedin.com/jobs/view/lifecycle-management-associate-at-novartis-4420727454,Lifecycle Management Associate,,scraped,2026-07-19T07:56:04.163518,
7992b7e989bda8d3,https://ru.linkedin.com/jobs/view/marketing-manager-at-jonas-software-4431684535,Marketing Manager,,scraped,2026-07-19T07:56:10.486500,
92757db6b9cc07c8,https://ru.linkedin.com/jobs/view/engineer-technician-at-hilton-4423021067,Engineer - Technician,Hilton,posted,2026-07-19T07:56:25.013199,430
915b5666530b53f2,https://ru.linkedin.com/jobs/view/category-management-intern-at-jd-com-4414682665,Category Management Intern,,scraped,2026-07-19T07:56:27.478195,
a64cca5ee142369a,https://ru.linkedin.com/jobs/view/account-manager-at-novartis-4419641241,Account Manager,,scraped,2026-07-19T07:56:35.865129,
d7bf840506acda76,https://ru.linkedin.com/jobs/view/ptw-engineer-at-ratp-dev-mobility-cairo-4432280647,PTW Engineer,,scraped,2026-07-19T07:56:41.924101,
857b752b3930c7ef,https://ru.linkedin.com/jobs/view/plumber-ii-at-baycare-health-system-4440590561,Plumber II,BayCare Health System,posted,2026-07-19T07:56:55.778003,432
44fd1866fe44f53d,https://ru.linkedin.com/jobs/view/food-and-drinks-supervisor-at-hilton-4423018581,Food and Drinks Supervisor,Hilton,posted,2026-07-19T07:57:03.560152,434
725feea7bc62e3b9,https://ru.linkedin.com/jobs/view/customer-application-specialist-dx-at-siemens-healthineers-4429862911,Customer Application Specialist (DX),,scraped,2026-07-19T07:57:06.188889,
c28a6b596d72bbac,https://ru.linkedin.com/jobs/view/animal-care-supervisor-at-merlin-entertainments-4440786900,Animal Care Supervisor,Merlin Entertainments,posted,2026-07-19T07:57:21.104110,94
b1a9577818676972,https://ru.linkedin.com/jobs/view/analyst-senior-analyst-pricing-optimization-bangkok-based-relocation-provided-at-agoda-4441450002,"Analyst/ Senior Analyst, Pricing Optimization (Bangkok Based, relocation provided)",Agoda,posted,2026-07-19T07:57:32.357790,436
ebfd1c61240afee7,https://ru.linkedin.com/jobs/view/%D1%80%D0%B5%D0%B3%D0%B8%D0%BE%D0%BD%D0%B0%D0%BB%D1%8C%D0%BD%D1%8B%D0%B9-%D0%BC%D0%B5%D0%BD%D0%B5%D0%B4%D0%B6%D0%B5%D1%80-%D0%BB%D0%B8%D0%BD%D0%B8%D1%8F-%D1%80%D0%BE%D0%B7%D0%BD%D0%B8%D1%87%D0%BD%D0%BE%D0%B3%D0%BE-%D0%BC%D0%B5%D0%B4%D0%B8%D1%86%D0%B8%D0%BD%D1%81%D0%BA%D0%BE%D0%B3%D0%BE-%D0%BF%D1%80%D0%BE%D0%B4%D0%B2%D0%B8%D0%B6%D0%B5%D0%BD%D0%B8%D1%8F-%E2%80%93-%D1%80%D0%B5%D0%B3%D0%B8%D0%BE%D0%BD-%D1%83%D1%80%D0%B0%D0%BB-at-sandoz-4410352207,Региональный менеджер (Линия розничного медицинского продвижения) – регион Урал,,scraped,2026-07-19T07:57:36.802930,
41b2342dd44400e0,https://ru.linkedin.com/jobs/view/%D0%BC%D0%B5%D0%B4%D0%B8%D1%86%D0%B8%D0%BD%D1%81%D0%BA%D0%B8%D0%B9-%D0%BF%D1%80%D0%B5%D0%B4%D1%81%D1%82%D0%B0%D0%B2%D0%B8%D1%82%D0%B5%D0%BB%D1%8C-medical-line-%D0%B3-%D0%BA%D0%B0%D0%B7%D0%B0%D0%BD%D1%8C-at-sandoz-4433330765,Медицинский представитель (Medical Line) - г. Казань,,scraped,2026-07-19T07:57:46.867041,
aea33a2945cf2cd6,https://ru.linkedin.com/jobs/view/%D0%BC%D0%B5%D0%B4%D0%B8%D1%86%D0%B8%D0%BD%D1%81%D0%BA%D0%B8%D0%B9-%D0%BF%D1%80%D0%B5%D0%B4%D1%81%D1%82%D0%B0%D0%B2%D0%B8%D1%82%D0%B5%D0%BB%D1%8C-medical-line-%D0%B3-%D0%BC%D0%BE%D1%81%D0%BA%D0%B2%D0%B0-c%D0%B5%D0%B2%D0%B5%D1%80-%D0%BC%D0%BE-at-sandoz-4393521354,"Медицинский представитель (Medical Line) - г. Москва, cевер МО",,scraped,2026-07-19T07:57:57.081629,
0ba6606327f037a2,https://ru.linkedin.com/jobs/view/early-talents-at-novartis-4418768516,Early Talents,,scraped,2026-07-21T09:20:48.588889,
418f12619ce5e1d1,https://ru.linkedin.com/jobs/view/attach%C3%A9-de-coop%C3%A9ration-scientifique-et-universitaire-f-h-ambassade-de-france-en-russie-service-de-coop%C3%A9ration-et-d-action-culturelle-moscou-at-minist%C3%A8re-des-affaires-%C3%A9trang%C3%A8res-fran%C3%A7ais-4441460698,Attaché de coopération scientifique et universitaire (F/H) - Ambassade de France en Russie - Service de coopération et d'action culturelle - Moscou,Ministère de l'Europe et des Affaires étrangères,posted,2026-07-21T09:21:13.627806,438
1745c8a9a4293a5e,https://ru.linkedin.com/jobs/view/early-help-professional-6-month-fixed-term-contract-pay-award-pending-at-bracknell-forest-council-4441977424,Early Help Professional (6 month fixed-term contract) (pay award pending),,scraped,2026-07-21T09:21:16.150534,
7928998b3499dbf7,https://ru.linkedin.com/jobs/view/chief-commercial-officer-at-denispanov-ru-4439691366,Chief Commercial Officer,denispanov.ru,posted,2026-07-21T09:21:28.282587,440
a7f3728f5fcb2df3,https://ru.linkedin.com/jobs/view/country-manager-at-mexc-4439789713,Country Manager,MEXC,posted,2026-07-21T09:21:40.183264,442
9b2818b15e0c8f5d,https://ru.linkedin.com/jobs/view/senior-sales-manager-at-edmp-4438490641,Senior Sales Manager,,scraped,2026-07-21T09:21:42.820450,
13ff270c87edcac3,https://ru.linkedin.com/jobs/view/medical-scientist-at-gilead-sciences-4442099289,Medical Scientist,Gilead Sciences,posted,2026-07-21T09:21:56.682909,444
379ee1c7783c4402,https://ru.linkedin.com/jobs/view/genel-at-esta-construction-4443329392,Genel,,scraped,2026-07-21T09:22:11.325632,
0475881e0387613d,https://ru.linkedin.com/jobs/view/head-of-health-and-wellbeing-at-bam-uk-ireland-4442760117,Head of Health and Wellbeing,,scraped,2026-07-21T09:22:18.145025,
39f2e87258ce080a,https://ru.linkedin.com/jobs/view/commercial-administrator-at-the-progress-group-4442037379,Commercial Administrator,,scraped,2026-07-21T09:22:25.089332,
e3fc231c0fbf245a,https://ru.linkedin.com/jobs/view/marine-system-expert-relocation-to-shanghai-at-wison-new-energies-4439691973,Marine System Expert-relocation to Shanghai,,scraped,2026-07-21T09:22:37.019619,
9c0034571b98e16e,https://ru.linkedin.com/jobs/view/%C3%BCbermittlungs-informatikspezialist-in-at-swiss-federal-administration-4439896344,Übermittlungs- / Informatikspezialist/in,,scraped,2026-07-21T09:22:47.191313,
693a6029e386fcd6,https://ru.linkedin.com/jobs/view/%D0%B4%D0%B8%D1%80%D0%B5%D0%BA%D1%82%D0%BE%D1%80-%D0%BF%D0%BE-%D0%BF%D1%80%D0%BE%D0%B8%D0%B7%D0%B2%D0%BE%D0%B4%D1%81%D1%82%D0%B2%D1%83-at-hti-group-kg-4441975155,Директор по производству,,scraped,2026-07-21T09:22:58.753138,
6a084d84d13cab65,https://ru.linkedin.com/jobs/view/engineering-supervisor-at-hilton-4423001997,Engineering Supervisor,Hilton,posted,2026-07-21T09:23:14.431587,446
a96357849f5cccb2,https://ru.linkedin.com/jobs/view/field-application-engineer-ups-data-centers-at-invt-electric-4430394482,"Field Application Engineer (UPS, Data Centers)",,scraped,2026-07-21T09:23:18.982594,
c8cf02c00a1717de,https://ru.linkedin.com/jobs/view/business-analyst-russian-language-remote-at-hire-feed-4443313263,Business Analyst (Russian Language) (Remote),Hire Feed,posted,2026-07-21T09:23:30.683244,448
bd6c591d61ba00ae,https://ru.linkedin.com/jobs/view/clinical-coord-medical-assistant-at-baycare-health-system-4441229244,Clinical Coord - Medical Assistant,BayCare Health System,posted,2026-07-21T09:23:46.472348,450
3b7f2f1f85d92ecd,https://ru.linkedin.com/jobs/view/ib-forex-business-development-manager-at-bitunix-4440963526,IB / Forex Business Development Manager,,scraped,2026-07-21T09:23:51.164298,
f9c2384885572273,https://ru.linkedin.com/jobs/view/technical-advisor-%E2%80%93-gender-equality-at-save-the-children-international-4441969124,Technical Advisor – Gender Equality,,scraped,2026-07-21T09:23:57.604733,
334bd54f3c6a7b02,https://ru.linkedin.com/jobs/view/access-field-manager-at-novartis-4420761304,Access Field Manager,,scraped,2026-07-21T09:24:08.664722,
24355c4ae8c12128,https://ru.linkedin.com/jobs/view/accounts-officer-4440149829,Accounts Officer,model student academy,posted,2026-07-21T09:24:20.861008,452
5a969b00709f7e42,https://ru.linkedin.com/jobs/view/mri-technologist-outpt-at-baycare-health-system-4441274957,MRI Technologist-Outpt,BayCare Health System,posted,2026-07-21T09:24:29.750586,240
8bb4ae8c8ef83f67,https://ru.linkedin.com/jobs/view/c%2B%2B-%D1%80%D0%B0%D0%B7%D1%80%D0%B0%D0%B1%D0%BE%D1%82%D1%87%D0%B8%D0%BA-middle%2B-senior-%D1%82%D0%B5%D0%BB%D0%B5%D0%BA%D0%BE%D0%BC-at-hexagon-labs-4443311480,"C++ разработчик (Middle+/Senior), телеком",Hexagon Labs,posted,2026-07-21T09:24:37.874862,454
e55320be6aca51f9,https://ru.linkedin.com/jobs/view/breakfast-supervisor-at-hilton-4423010805,Breakfast Supervisor,Hilton,posted,2026-07-21T09:24:54.528538,456
487dec92a3afaefb,https://ru.linkedin.com/jobs/view/%D0%BC%D0%B5%D0%BD%D0%B5%D0%B4%D0%B6%D0%B5%D1%80-%D0%BF%D0%BE-%D0%B8%D1%81%D1%81%D0%BB%D0%B5%D0%B4%D0%BE%D0%B2%D0%B0%D0%BD%D0%B8%D1%8F%D0%BC-%D0%BF%D0%BE%D1%82%D1%80%D0%B5%D0%B1%D0%B8%D1%82%D0%B5%D0%BB%D0%B5%D0%B9-4441608671,Менеджер по исследованиям потребителей,Крупная производственная компания,failed|wp_post_failed,2026-07-21T09:24:57.927082,
24ee758725b67bb1,https://ru.linkedin.com/jobs/view/%D0%BC%D0%B5%D0%BD%D0%B5%D0%B4%D0%B6%D0%B5%D1%80-%D0%BF%D0%BE-%D0%BF%D1%80%D0%B8%D0%B2%D0%BB%D0%B5%D1%87%D0%B5%D0%BD%D0%B8%D1%8E-%D1%82%D1%80%D0%B0%D1%84%D0%B8%D0%BA%D0%B0-at-art-lebedev-studio-4385473273,Менеджер по привлечению трафика,Студия Артемия Лебедева,failed|wp_post_failed,2026-07-21T09:25:02.674185,
f23371c15178478e,https://ru.linkedin.com/jobs/view/asean-service-growth-manager-at-smith%2Bnephew-4424504572,ASEAN Service Growth Manager,,scraped,2026-07-21T09:25:05.033985,
51d8932c54769bf9,https://ru.linkedin.com/jobs/view/technical-expert-climate-change-at-save-the-children-international-4441951867,Technical Expert - Climate Change,,scraped,2026-07-21T09:25:17.255019,
930271e1801850d5,https://ru.linkedin.com/jobs/view/%D0%BC%D0%B5%D0%B4%D0%B8%D1%86%D0%B8%D0%BD%D1%81%D0%BA%D0%B8%D0%B9-%D0%BF%D1%80%D0%B5%D0%B4%D1%81%D1%82%D0%B0%D0%B2%D0%B8%D1%82%D0%B5%D0%BB%D1%8C-medical-line-%D1%8E%D0%B3%D0%BE-%D0%B7%D0%B0%D0%BF%D0%B0%D0%B4-%D0%BC%D0%BE-%D0%BD%D0%B0%D1%80%D0%BE-%D1%84%D0%BE%D0%BC%D0%B8%D0%BD%D1%81%D0%BA-%D1%82%D1%80%D0%BE%D0%B8%D1%86%D0%BA-%D0%B0%D0%BF%D1%80%D0%B5%D0%BB%D0%B5%D0%B2%D0%BA%D0%B0-%D1%87%D0%B0%D1%81%D1%82%D1%8C-%D0%BD%D0%BE%D0%B2%D0%BE%D0%B9-%D0%BC%D0%BE%D1%81%D0%BA%D0%B2%D1%8B-at-sandoz-4432093230,"Медицинский представитель (Medical Line) - юго-запад МО (Наро-Фоминск, Троицк, Апрелевка, часть новой Москвы)",,scraped,2026-07-21T09:25:24.015125,
83307ee7ce639014,https://ru.linkedin.com/jobs/view/%D1%80%D0%B5%D0%B3%D0%B8%D0%BE%D0%BD%D0%B0%D0%BB%D1%8C%D0%BD%D1%8B%D0%B9-%D0%BC%D0%B5%D0%BD%D0%B5%D0%B4%D0%B6%D0%B5%D1%80-%D0%BB%D0%B8%D0%BD%D0%B8%D1%8F-%D1%80%D0%BE%D0%B7%D0%BD%D0%B8%D1%87%D0%BD%D0%BE%D0%B3%D0%BE-%D0%BF%D1%80%D0%BE%D0%B4%D0%B2%D0%B8%D0%B6%D0%B5%D0%BD%D0%B8%D1%8F-%E2%80%93-%D0%B3-%D1%81%D1%82%D0%B0%D0%B2%D1%80%D0%BE%D0%BF%D0%BE%D0%BB%D1%8C-at-sandoz-4432098156,Региональный менеджер (Линия розничного продвижения) – г. Ставрополь,,scraped,2026-07-21T09:25:30.249041,
410983e254eb3b7f,https://ru.linkedin.com/jobs/view/%D1%80%D0%B5%D0%B3%D0%B8%D0%BE%D0%BD%D0%B0%D0%BB%D1%8C%D0%BD%D1%8B%D0%B9-%D0%BC%D0%B5%D0%BD%D0%B5%D0%B4%D0%B6%D0%B5%D1%80-%D0%BB%D0%B8%D0%BD%D0%B8%D1%8F-%D1%80%D0%BE%D0%B7%D0%BD%D0%B8%D1%87%D0%BD%D0%BE%D0%B3%D0%BE-%D0%BF%D1%80%D0%BE%D0%B4%D0%B2%D0%B8%D0%B6%D0%B5%D0%BD%D0%B8%D1%8F-%E2%80%93-%D0%B3-%D1%81%D1%82%D0%B0%D0%B2%D1%80%D0%BE%D0%BF%D0%BE%D0%BB%D1%8C-at-sandoz-4432089253,Региональный менеджер (Линия розничного продвижения) – г. Ставрополь,,scraped,2026-07-21T09:25:36.455771,
6b5571eb1b189632,https://ru.linkedin.com/jobs/view/bartender-mixologist-at-hilton-4423005910,Bartender/Mixologist,Hilton,posted,2026-07-21T09:25:48.370778,458
2fd56a2eefbd23a2,https://ru.linkedin.com/jobs/view/%D0%BE%D0%BF%D0%B5%D1%80%D0%B0%D1%82%D0%BE%D1%80-%D0%BD%D0%B0%D0%BB%D0%B0%D0%B4%D1%87%D0%B8%D0%BA-1-%D0%BA%D0%B0%D1%82%D0%B5%D0%B3%D0%BE%D1%80%D0%B8%D0%B8-at-astrazeneca-4344190735,Оператор-наладчик 1 категории,AstraZeneca,posted,2026-07-21T09:25:56.184804,106
80ea8ba0c468b8d8,https://ru.linkedin.com/jobs/view/%D0%BC%D0%B5%D0%B4%D0%B8%D1%86%D0%B8%D0%BD%D1%81%D0%BA%D0%B8%D0%B9-%D0%BF%D1%80%D0%B5%D0%B4%D1%81%D1%82%D0%B0%D0%B2%D0%B8%D1%82%D0%B5%D0%BB%D1%8C-medical-line-%D1%8E%D0%B3%D0%BE-%D0%B7%D0%B0%D0%BF%D0%B0%D0%B4-%D0%BC%D0%BE-%D0%BD%D0%B0%D1%80%D0%BE-%D1%84%D0%BE%D0%BC%D0%B8%D0%BD%D1%81%D0%BA-%D1%82%D1%80%D0%BE%D0%B8%D1%86%D0%BA-%D0%B0%D0%BF%D1%80%D0%B5%D0%BB%D0%B5%D0%B2%D0%BA%D0%B0-%D1%87%D0%B0%D1%81%D1%82%D1%8C-%D0%BD%D0%BE%D0%B2%D0%BE%D0%B9-%D0%BC%D0%BE%D1%81%D0%BA%D0%B2%D1%8B-at-sandoz-4432092221,"Медицинский представитель (Medical Line) - юго-запад МО (Наро-Фоминск, Троицк, Апрелевка, часть новой Москвы)",,scraped,2026-07-21T09:25:58.756832,
569a2d54ece6917f,https://ru.linkedin.com/jobs/view/%D0%BE%D0%BF%D0%B5%D1%80%D0%B0%D1%82%D0%BE%D1%80-%D0%BD%D0%B0%D0%BB%D0%B0%D0%B4%D1%87%D0%B8%D0%BA-1-%D0%BA%D0%B0%D1%82%D0%B5%D0%B3%D0%BE%D1%80%D0%B8%D0%B8-at-astrazeneca-4393469344,Оператор-наладчик 1 категории,AstraZeneca,scraped,2026-07-21T09:26:09.655114,
a01b6636f94e354b,https://ru.linkedin.com/jobs/view/%D0%BC%D0%B5%D0%B4%D0%B8%D1%86%D0%B8%D0%BD%D1%81%D0%BA%D0%B8%D0%B9-%D0%BF%D1%80%D0%B5%D0%B4%D1%81%D1%82%D0%B0%D0%B2%D0%B8%D1%82%D0%B5%D0%BB%D1%8C-pharmacy-line-%D0%B3-%D0%BC%D0%BE%D1%81%D0%BA%D0%B2%D0%B0-%D1%8E%D0%B0%D0%BE-%D0%BF%D0%BE%D0%B4%D0%BE%D0%BB%D1%8C%D1%81%D0%BA-%D1%87%D0%B5%D1%85%D0%BE%D0%B2-at-sandoz-4441970021,"Медицинский представитель (Pharmacy Line), г. Москва, ЮАО, Подольск, Чехов",,scraped,2026-07-21T09:26:12.360184,
ef1abb760e2309a6,https://ru.linkedin.com/jobs/view/%D0%BC%D0%B5%D0%B4%D0%B8%D1%86%D0%B8%D0%BD%D1%81%D0%BA%D0%B8%D0%B9-%D0%BF%D1%80%D0%B5%D0%B4%D1%81%D1%82%D0%B0%D0%B2%D0%B8%D1%82%D0%B5%D0%BB%D1%8C-pharmacy-line-%D0%B3-%D0%BC%D0%BE%D1%81%D0%BA%D0%B2%D0%B0-%D1%8E%D0%B0%D0%BE-%D0%BF%D0%BE%D0%B4%D0%BE%D0%BB%D1%8C%D1%81%D0%BA-%D1%87%D0%B5%D1%85%D0%BE%D0%B2-at-sandoz-4441965333,"Медицинский представитель (Pharmacy Line), г. Москва, ЮАО, Подольск, Чехов",,scraped,2026-07-21T09:26:19.243100,
dcc2267f904a14e0,https://ru.linkedin.com/jobs/view/%D0%BC%D0%B5%D0%B4%D0%B8%D1%86%D0%B8%D0%BD%D1%81%D0%BA%D0%B8%D0%B9-%D0%BF%D1%80%D0%B5%D0%B4%D1%81%D1%82%D0%B0%D0%B2%D0%B8%D1%82%D0%B5%D0%BB%D1%8C-medical-line-%D0%B3-%D1%81%D1%83%D1%80%D0%B3%D1%83%D1%82-at-sandoz-4434031834,Медицинский представитель (Medical Line) - г. Сургут,,scraped,2026-07-21T09:26:25.269887,
77db4c152a5bf3aa,https://ru.linkedin.com/jobs/view/chief-accountant-russia-a167635-at-xiaomi-technology-4431483518,"Chief Accountant, Russia(A167635)",,scraped,2026-07-23T09:16:23.491264,
cc650e1c3ead4b35,https://ru.linkedin.com/jobs/view/chat-support-at-devloit-4443773573,Chat Support,,scraped,2026-07-23T09:16:32.750470,
dec8a676ca3b2adb,https://ru.linkedin.com/jobs/view/english-language-expert-at-sme-careers-4425621107,English Language Expert,SME Careers,posted,2026-07-23T09:16:52.301147,460
aa6cd84472425551,https://ru.linkedin.com/jobs/view/group-brand-manager-at-teva-pharmaceuticals-4444276212,Group Brand Manager,,scraped,2026-07-23T09:16:54.686875,
daf1a8522007456f,https://ru.linkedin.com/jobs/view/regional-business-development-manager-remote-merseyside-at-worldpay-4444204165,Regional Business Development Manager (Remote) - Merseyside,Worldpay,posted,2026-07-23T09:17:16.075311,462
16b58ea465c406d9,https://ru.linkedin.com/jobs/view/call-room-representative-ft-day-ob-gyn-langhorne-pa-at-capital-health-us-4420759149,Call Room Representative - FT - Day - OB/GYN Langhorne PA,Capital Health (US),posted,2026-07-23T09:17:25.141748,464
e249c828b91aa649,https://ru.linkedin.com/jobs/view/retail-ambassador-at-super-brands-international-4440490021,Retail Ambassador,,scraped,2026-07-23T09:17:27.559311,
0ee8a25c500ec5b9,https://ru.linkedin.com/jobs/view/senior-processing-officer-at-victoria-education-consultants-australia-veca-4440172964,Senior Processing Officer,,scraped,2026-07-23T09:17:33.446514,
9f18dd6281224de6,https://ru.linkedin.com/jobs/view/night-senior-care-assistant-at-hc-one-4443180605,Night Senior Care Assistant,,scraped,2026-07-23T09:17:39.666409,
31587a00d6b43212,https://ru.linkedin.com/jobs/view/regulatory-affairs-specialist-at-boston-scientific-4443905362,Regulatory Affairs Specialist,Boston Scientific,posted,2026-07-23T09:17:52.763907,466
e138af34973acfb4,https://ru.linkedin.com/jobs/view/lathe-operator-1m65-4444275260,Lathe Operator 1M65,STOMLEADER LLC,posted,2026-07-23T09:17:59.345544,468
e06cd532501882b2,https://ru.linkedin.com/jobs/view/principal-engineer-applied-ai-at-discovered-mena-4440136984,Principal Engineer - Applied AI,,scraped,2026-07-23T09:18:01.912745,
57236b659b527b27,https://ru.linkedin.com/jobs/view/senior-estimator-at-octavius-infrastructure-4443912018,Senior Estimator,,scraped,2026-07-23T09:18:09.459251,
439a0ab0b74ea922,https://ru.linkedin.com/jobs/view/category-management-jd-young-internship-program-at-jd-com-4414719565,Category Management (JD YOUNG Internship Program),,scraped,2026-07-23T09:18:17.253030,
57e324a7204d8f42,https://ru.linkedin.com/jobs/view/manager-gme-program-i-at-baycare-health-system-4427054239,Manager GME Program I,BayCare Health System,posted,2026-07-23T09:18:31.861715,470
1e75c2c4f0082454,https://ru.linkedin.com/jobs/view/clinical-specialist-robotics-surgery-based-in-russia-at-microport-4442290125,Clinical Specialist (robotics surgery)(Based in Russia),MicroPort,posted,2026-07-23T09:18:41.400321,472
d9caf840fa087ce9,https://ru.linkedin.com/jobs/view/executive-lounge-waiter-server-at-hilton-4423017700,Executive Lounge Waiter/Server,Hilton,posted,2026-07-23T09:18:51.582110,474
51c5e721df64948d,https://ru.linkedin.com/jobs/view/capability-building-manager-at-novartis-4439272280,Capability Building Manager,,scraped,2026-07-23T09:18:58.257911,
87807e81f87a0127,https://ru.linkedin.com/jobs/view/registered-nurse-med-surg-observation-days-at-baycare-health-system-4444207908,Registered Nurse - Med/Surg Observation - Days,BayCare Health System,posted,2026-07-23T09:19:12.108448,476
0b5a46a2ae8bfd4b,https://ru.linkedin.com/jobs/view/commis-chef-at-hilton-4423017668,Commis Chef,Hilton,posted,2026-07-23T09:19:20.222695,478
836a4072e7d82efb,https://ru.linkedin.com/jobs/view/senior-software-engineer-java-remote-work-ref%23289985-at-bairesdev-4420449870,Senior Software Engineer (Java) - Remote Work | REF#289985,BairesDev,posted,2026-07-23T09:19:28.483781,480
53889165fab72915,https://ru.linkedin.com/jobs/view/%D1%81%D1%82%D0%B0%D1%80%D1%88%D0%B8%D0%B9-%D1%8E%D1%80%D0%B8%D1%81%D1%82-4443950781,Старший юрист,Сбер Private,failed|wp_post_failed,2026-07-23T09:19:31.867256,
e5f1bc5e8ad20c33,https://ru.linkedin.com/jobs/view/guest-relations-manager-at-hilton-4423010794,Guest Relations Manager,Hilton,posted,2026-07-23T09:19:40.297222,482
728d43fda0a8eefd,https://ru.linkedin.com/jobs/view/r-d-manager-bakery-at-puratos-4440148283,R&D Manager bakery,,scraped,2026-07-23T09:19:42.684624,
bd764d983abb6ac2,https://ru.linkedin.com/jobs/view/%D0%B2%D0%B5%D0%B4%D1%83%D1%89%D0%B8%D0%B9-%D1%80%D0%B0%D0%B7%D1%80%D0%B0%D0%B1%D0%BE%D1%82%D1%87%D0%B8%D0%BA-4443753927,Ведущий разработчик,Инфологика,failed|wp_post_failed,2026-07-23T09:19:50.040660,
46bdece7af5e9756,https://ru.linkedin.com/jobs/view/devops-engineer-at-pasul-ltd-4440165057,DevOps Engineer,PASUL LTD,posted,2026-07-23T09:20:02.457997,484
0555507e6da635d6,https://ru.linkedin.com/jobs/view/lecturer-ef-in-construction-management-at-unsw-4440455801,Lecturer (EF) in Construction Management,UNSW,posted,2026-07-23T09:20:12.762437,486
310eee2dc49a7251,https://ru.linkedin.com/jobs/view/%D0%B1%D1%83%D1%85%D0%B3%D0%B0%D0%BB%D1%82%D0%B5%D1%80-%D0%BF%D0%BE-%D0%BC%D1%81%D1%84%D0%BE-4438789754,Бухгалтер по МСФО,FedMS,failed|wp_post_failed,2026-07-23T09:20:16.164751,
1d1c845304100197,https://ru.linkedin.com/jobs/view/staff-software-engineer-java-remote-work-ref%23290029-at-bairesdev-4420453850,Staff Software Engineer (Java) - Remote Work | REF#290029,BairesDev,posted,2026-07-23T09:20:24.848766,488
8023ba085cd269c2,https://ru.linkedin.com/jobs/view/junior-chef-kuzhinier-at-hilton-4423019552,Junior Chef (Kuzhinier),Hilton,posted,2026-07-23T09:20:33.036417,490
bd6c730970dc2dfd,https://ru.linkedin.com/jobs/view/%D0%B8%D0%BD%D0%B6%D0%B5%D0%BD%D0%B5%D1%80-%D1%82%D0%B5%D1%85%D0%BD%D0%BE%D0%BB%D0%BE%D0%B3-at-syngenta-4443517759,Инженер-технолог,,scraped,2026-07-23T09:20:35.724232,
8662d50f0a09e146,https://ru.linkedin.com/jobs/view/%D0%BC%D0%B5%D0%BD%D0%B5%D0%B4%D0%B6%D0%B5%D1%80-%D0%BF%D0%BE-%D0%BF%D1%80%D0%BE%D0%B4%D0%B0%D0%B6%D0%B0%D0%BC-%D0%B1%D1%8D%D0%BA%D0%B0%D0%BF%D1%8B-%D0%B2%D0%B5%D0%BD%D0%B4%D0%BE%D1%80-4440485862,"Менеджер по продажам (бэкапы, вендор)",ПланБ,posted,2026-07-23T09:20:47.820061,492
847cc76d509a0073,https://ru.linkedin.com/jobs/view/public-area-cleaner-at-hilton-4423020082,Public Area Cleaner,Hilton,posted,2026-07-23T09:20:56.485539,494
ebdb15aba209d3ba,https://ru.linkedin.com/jobs/view/%E4%BA%A7%E5%93%81%E7%BB%8F%E7%90%86-at-changan-automobile-4443086060,产品经理,,scraped,2026-07-23T09:20:59.347659,
2343f6ef1692d3cc,https://ru.linkedin.com/jobs/view/producation-operation-internship-at-jd-com-4414732271,producation operation internship,,scraped,2026-07-23T09:21:06.264814,
4811f7e10c72852a,https://ru.linkedin.com/jobs/view/reception-team-member-at-whitbread-4443954025,Reception - Team Member,,scraped,2026-07-23T09:21:15.156098,
e95e79fb8cf46d30,https://ru.linkedin.com/jobs/view/%D0%BB%D0%B8%D1%87%D0%BD%D1%8B%D0%B9-%D0%B0%D1%81%D1%81%D0%B8%D1%81%D1%82%D0%B5%D0%BD%D1%82-%D0%BF%D1%80%D0%B5%D0%B4%D0%BF%D1%80%D0%B8%D0%BD%D0%B8%D0%BC%D0%B0%D1%82%D0%B5%D0%BB%D1%8F-%D1%83%D0%B4%D0%B0%D0%BB%D0%B5%D0%BD%D0%BD%D0%BE%E2%80%94-russian-c2-4444414160,Личный ассистент предпринимателя удаленно— Russian C2,HOLDING,posted,2026-07-23T09:21:28.034709,496
2f10c63c65e001b4,https://ru.linkedin.com/jobs/view/%D0%BE%D0%BF%D0%B5%D1%80%D0%B0%D1%82%D0%BE%D1%80-1-%D0%BA%D0%B0%D1%82%D0%B5%D0%B3%D0%BE%D1%80%D0%B8%D0%B8-at-astrazeneca-4291936264,Оператор 1 категории,AstraZeneca,posted,2026-07-23T09:21:35.629938,106
f55840da2f15821d,https://ru.linkedin.com/jobs/view/technical-product-manager-llm-ml-domain-at-agoda-4404851478,"Technical Product Manager, LLM/ML Domain",Agoda,posted,2026-07-23T09:21:49.946631,498
fcf3478bdb0e06e2,https://ru.linkedin.com/jobs/view/senior-lecturer-palaeobiology-at-unsw-4443463436,Senior Lecturer - Palaeobiology,UNSW,posted,2026-07-23T09:22:00.100879,500
143a7df1ab73f079,https://ru.linkedin.com/jobs/view/%D0%BD%D0%B0%D1%87%D0%B0%D0%BB%D1%8C%D0%BD%D0%B8%D0%BA-%D0%B0%D0%BD%D0%B0%D0%BB%D0%B8%D1%82%D0%B8%D1%87%D0%B5%D1%81%D0%BA%D0%BE%D0%B9-%D0%BB%D0%B0%D0%B1%D0%BE%D1%80%D0%B0%D1%82%D0%BE%D1%80%D0%B8%D0%B8-%D0%BE%D0%BA%D0%BA-at-abbott-4442182467,Начальник аналитической лаборатории ОКК,Abbott,failed|wp_post_failed,2026-07-23T09:22:03.807153,
51ed20ff0f1dc28b,https://ru.linkedin.com/jobs/view/senior-product-manager-bangkok-based-at-agoda-4299766593,Senior Product Manager (Bangkok-based),Agoda,posted,2026-07-23T09:22:15.753203,502
0450da63d0c2abac,https://ru.linkedin.com/jobs/view/surgical-technologist-certified-at-baycare-health-system-4443018605,Surgical Technologist Certified,BayCare Health System,posted,2026-07-23T09:22:25.389157,504
20be00aff87e5b5b,https://ru.linkedin.com/jobs/view/%D0%BC%D0%B5%D0%B4%D0%B8%D1%86%D0%B8%D0%BD%D1%81%D0%BA%D0%B8%D0%B9-%D0%BF%D1%80%D0%B5%D0%B4%D1%81%D1%82%D0%B0%D0%B2%D0%B8%D1%82%D0%B5%D0%BB%D1%8C-pharmacy-line-%D0%B3-%D1%82%D1%83%D0%BB%D0%B0-at-sandoz-4434041592,"Медицинский представитель (Pharmacy Line), г. Тула",,scraped,2026-07-23T09:22:27.747123,
c575b1b607a4114c,https://ru.linkedin.com/jobs/view/%E7%94%A8%E6%88%B7%E7%A4%BE%E5%8C%BA%E7%BB%8F%E7%90%86-at-changan-automobile-4443065980,用户社区经理,,scraped,2026-07-23T09:22:34.232778,
4536678f0a5981e9,https://ru.linkedin.com/jobs/view/chef-de-cuisine-latin-american-peruvian-at-hilton-4423025029,Chef De Cuisine (Latin American/Peruvian),Hilton,posted,2026-07-23T09:22:46.629554,506
a0a441a7b233447a,https://ru.linkedin.com/jobs/view/spa-therapist-at-hilton-4423002951,Spa Therapist,Hilton,posted,2026-07-23T09:22:55.124892,508
efaef4ee917e1d0b,https://ru.linkedin.com/jobs/view/%D0%BC%D0%B5%D0%BD%D0%B5%D0%B4%D0%B6%D0%B5%D1%80-%D0%BF%D0%BE-%D0%BC%D0%B0%D1%80%D0%BA%D0%B5%D1%82%D0%B8%D0%BD%D0%B3%D0%BE%D0%B2%D1%8B%D0%BC-%D0%BA%D0%BE%D0%BC%D0%BC%D1%83%D0%BD%D0%B8%D0%BA%D0%B0%D1%86%D0%B8%D1%8F%D0%BC-at-syngenta-4443533316,Менеджер по маркетинговым коммуникациям,,scraped,2026-07-23T09:22:57.742795,
b98bb5ae15e616fe,https://ru.linkedin.com/jobs/view/%D0%BF%D0%BE%D0%BB%D0%B5%D0%B2%D0%BE%D0%B9-%D1%8D%D0%BA%D1%81%D0%BF%D0%B5%D1%80%D1%82-%D1%81%D0%BF%D0%B5%D1%86%D0%B8%D0%B0%D0%BB%D0%B8%D0%B7%D0%B8%D1%80%D0%BE%D0%B2%D0%B0%D0%BD%D0%BD%D1%8B%D1%85-%D0%BA%D1%83%D0%BB%D1%8C%D1%82%D1%83%D1%80-%D0%BF%D0%BE-%D1%80%D0%B0%D0%B1%D0%BE%D1%82%D0%B5-%D1%81-%D0%BA%D0%BB%D1%8E%D1%87%D0%B5%D0%B2%D1%8B%D0%BC%D0%B8-%D0%BA%D0%BB%D0%B8%D0%B5%D0%BD%D1%82%D0%B0%D0%BC%D0%B8-at-syngenta-4443514979,Полевой эксперт специализированных культур по работе с ключевыми клиентами,,scraped,2026-07-23T09:23:04.049601,
2c612df820c0c4d9,https://ru.linkedin.com/jobs/view/%D0%BC%D0%B5%D0%BD%D0%B5%D0%B4%D0%B6%D0%B5%D1%80-%D0%BF%D0%BE-%D0%BF%D1%80%D0%BE%D0%B4%D0%B0%D0%B6%D0%B0%D0%BC-%D1%81%D0%B7%D1%80-at-syngenta-4443531453,Менеджер по продажам СЗР,,scraped,2026-07-23T09:23:10.215190,
5304444281d2ef95,https://ru.linkedin.com/jobs/view/%D1%81%D0%BF%D0%B5%D1%86%D0%B8%D0%B0%D0%BB%D0%B8%D1%81%D1%82-%D0%BF%D0%BE-%D0%BA%D0%BB%D0%B8%D0%B5%D0%BD%D1%82%D1%81%D0%BA%D0%BE%D0%BC%D1%83-%D1%81%D0%B5%D1%80%D0%B2%D0%B8%D1%81%D1%83-at-syngenta-4443534282,Специалист по клиентскому сервису,,scraped,2026-07-23T09:23:18.273575,
11c975e340773cc8,https://ru.linkedin.com/jobs/view/head-of-estates-facilities-and-compliance-at-the-progress-group-4443899108,"Head of Estates, Facilities and Compliance",,scraped,2026-07-25T07:35:18.675736,
a647cef9950c10aa,https://ru.linkedin.com/jobs/view/vip-relationship-manager-at-toobit-4444321278,VIP Relationship Manager,,scraped,2026-07-25T07:35:32.272810,
a58a16de70229c74,https://ru.linkedin.com/jobs/view/techops-engineer-fresh-graduates-welcome-at-tradequo-global-4444406451,TechOps Engineer (Fresh Graduates Welcome),,scraped,2026-07-25T07:35:38.549394,
792a452d50b41cda,https://ru.linkedin.com/jobs/view/vip-relationship-manager-%E2%80%93-cis-region-at-pionex-global-4444904001,VIP Relationship Manager – CIS Region,Pionex Global,posted,2026-07-25T07:35:52.115219,510
f10494d4034a163d,https://ru.linkedin.com/jobs/view/research-coordinator-at-a-research-center-4443905979,Research coordinator at a research center,Translational Medicine Clinic,posted,2026-07-25T07:36:04.785550,512
27360adbf3256dff,https://ru.linkedin.com/jobs/view/administator-at-united-infrastructure-ltd-4444367007,Administator,United Infrastructure Ltd,posted,2026-07-25T07:36:13.221822,514
832dc37e5cc7cc20,https://ru.linkedin.com/jobs/view/inspector-i-at-core-laboratories-4444923031,Inspector I,Core Laboratories,posted,2026-07-25T07:36:21.315233,516
76a7f719cf312f97,https://ru.linkedin.com/jobs/view/finance-manager-maternity-cover-at-save-the-children-international-4444408905,FINANCE MANAGER (Maternity Cover),,scraped,2026-07-25T07:36:25.725986,
67c8ab4f242a7c31,https://ru.linkedin.com/jobs/view/access-field-manager-at-novartis-4420757355,Access Field Manager,,scraped,2026-07-25T07:36:36.377156,
6acb827067e769c8,https://ru.linkedin.com/jobs/view/nurse-helper-day-shift-st-anthonys-hospital-at-baycare-health-system-4444228071,Nurse Helper (Day Shift) - St Anthonys Hospital,BayCare Health System,posted,2026-07-25T07:36:50.419052,518
a30e1e112b422aba,https://ru.linkedin.com/jobs/view/finance-business-partner-at-the-progress-group-4444330488,Finance Business Partner,,scraped,2026-07-25T07:36:52.847731,
a4d19d74c3e38081,https://ru.linkedin.com/jobs/view/%D1%81%D0%BF%D0%B5%D1%86%D0%B8%D0%B0%D0%BB%D0%B8%D1%81%D1%82-%D0%BF%D0%BE-%D0%BF%D1%80%D0%BE%D0%B4%D0%B0%D0%B6%D0%B5-%D0%BB%D0%BE%D0%B3%D0%B8%D1%81%D1%82%D0%B8%D1%87%D0%B5%D1%81%D0%BA%D0%B8%D1%85-%D1%83%D1%81%D0%BB%D1%83%D0%B3-at-%D1%84%D0%B0%D0%BA%D1%82%D0%BE%D1%80%D0%B8%D0%B0%D0%BB%D0%BB-%D1%80%D1%83%D1%81%D1%8C-4438087120,Специалист по продаже логистических услуг,Факториалл Русь,failed|wp_post_failed,2026-07-25T07:37:04.022813,
21c070a20f0c5532,https://ru.linkedin.com/jobs/view/full-stack-%D0%B0%D0%BD%D0%B0%D0%BB%D0%B8%D1%82%D0%B8%D0%BA-4007350713,Full Stack аналитик,Цифролаб,posted,2026-07-25T07:37:13.966094,520
12709265c70e8457,https://ru.linkedin.com/jobs/view/presales-manager-at-china-mobile-international-limited-4443132667,Presales Manager,,scraped,2026-07-25T07:37:16.486654,
0358b045b16c64c9,https://ru.linkedin.com/jobs/view/software-development-manager-cloud-web-applications-at-ormco-4441053801,Software Development Manager( (Cloud/Web Applications),Ormco,posted,2026-07-25T07:37:30.177534,522
347175ccdcb21d97,https://ru.linkedin.com/jobs/view/security-officer-at-hilton-4434983503,Security Officer,Hilton,posted,2026-07-25T07:37:40.418618,524
196f9d641133a454,https://ru.linkedin.com/jobs/view/icts-project-engineer-at-cento-4444356978,ICTS Project Engineer,,scraped,2026-07-25T07:37:44.837781,
c1e71e2d0daed4cd,https://ru.linkedin.com/jobs/view/tech-lead-c%2B%2B-lead-unreal-engine-developer-4433822361,Tech Lead C++ / Lead Unreal Engine Developer,Цифровые Пространственные Технологии,posted,2026-07-25T07:37:57.903265,526
a004f99c323bb4ad,https://ru.linkedin.com/jobs/view/lecturer-senior-lecturer-education-focused-physics-at-unsw-4444086174,Lecturer/Senior Lecturer - Education Focused - Physics,UNSW,posted,2026-07-25T07:38:08.004085,528
bed0517a48de293f,https://ru.linkedin.com/jobs/view/%D0%BC%D0%B5%D0%BD%D0%B5%D0%B4%D0%B6%D0%B5%D1%80-%D0%BF%D0%BE-%D0%BF%D1%80%D0%BE%D0%B4%D0%B0%D0%B6%D0%B0%D0%BC-%D1%81%D0%B7%D1%80-at-syngenta-4444949517,Менеджер по продажам СЗР,,scraped,2026-07-25T07:38:10.394997,
b9d234d95b433ce1,https://ru.linkedin.com/jobs/view/%D1%80%D0%B5%D0%B3%D0%B8%D0%BE%D0%BD%D0%B0%D0%BB%D1%8C%D0%BD%D1%8B%D0%B9-%D0%BC%D0%B5%D0%BD%D0%B5%D0%B4%D0%B6%D0%B5%D1%80-%D0%BF%D0%BE-%D1%80%D0%B0%D0%B1%D0%BE%D1%82%D0%B5-%D1%81-%D0%BA%D0%BB%D1%8E%D1%87%D0%B5%D0%B2%D1%8B%D0%BC%D0%B8-%D0%BA%D0%BB%D0%B8%D0%B5%D0%BD%D1%82%D0%B0%D0%BC%D0%B8-at-syngenta-4444949518,Региональный менеджер по работе с ключевыми клиентами,,scraped,2026-07-25T07:38:16.524984,
c9aa466e83ea851b,https://ru.linkedin.com/jobs/view/associate-professor-conservation-biology-at-unsw-4443460438,Associate Professor - Conservation Biology,UNSW,posted,2026-07-25T07:38:34.082290,530
4470deb6c35dbdfc,https://ru.linkedin.com/jobs/view/lecturer-senior-lecturer-databases-at-unsw-4440151430,Lecturer/Senior Lecturer - Databases,UNSW,posted,2026-07-25T07:38:46.130094,532
29b351a3518a5575,https://ru.linkedin.com/jobs/view/senior-platform-engineer-kubernetes-remote-work-ref%23294050-at-bairesdev-4426551481,Senior Platform Engineer (Kubernetes) - Remote Work | REF#294050,BairesDev,posted,2026-07-25T07:38:54.616542,534
2867176ccbcd5d0d,https://ru.linkedin.com/jobs/view/%D1%82%D0%B5%D1%85%D0%BD%D0%B8%D1%87%D0%B5%D1%81%D0%BA%D0%B8%D0%B9-%D1%8D%D0%BA%D1%81%D0%BF%D0%B5%D1%80%D1%82-%D0%BD%D0%B0%D0%BF%D1%80%D0%B0%D0%B2%D0%BB%D0%B5%D0%BD%D0%B8%D1%8F-%D0%B7%D0%B0%D1%89%D0%B8%D1%82%D0%B0-%D1%81%D0%B5%D0%BC%D1%8F%D0%BD-%D0%B8-%D0%B1%D0%B8%D0%BE%D0%BB%D0%BE%D0%B3%D0%B8%D1%87%D0%B5%D1%81%D0%BA%D0%B8%D0%B5-%D1%80%D0%B5%D1%88%D0%B5%D0%BD%D0%B8%D1%8F-%D0%BF%D0%BE-%D1%81%D0%BF%D0%B5%D1%86%D0%B8%D0%B0%D0%BB%D0%B8%D0%B7%D0%B8%D1%80%D0%BE%D0%B2%D0%B0%D0%BD%D0%BD%D1%8B%D0%BC-%D0%BA%D1%83%D0%BB%D1%8C%D1%82%D1%83%D1%80%D0%B0%D0%BC-at-syngenta-4444938979,Технический эксперт направления Защита семян и биологические решения по специализированным культурам,,scraped,2026-07-25T07:38:56.965584,
5912d265fe60e920,https://ru.linkedin.com/jobs/view/%D1%81%D0%BF%D0%B5%D1%86%D0%B8%D0%B0%D0%BB%D0%B8%D1%81%D1%82-%D0%BF%D0%BE-%D0%BA%D0%BB%D0%B8%D0%B5%D0%BD%D1%82%D1%81%D0%BA%D0%BE%D0%BC%D1%83-%D1%81%D0%B5%D1%80%D0%B2%D0%B8%D1%81%D1%83-at-syngenta-4444960035,Специалист по клиентскому сервису,,scraped,2026-07-25T07:39:12.977540,
b41b07084b33ccff,https://ru.linkedin.com/jobs/view/front-end-full-stack-engineering-manager-bangkok-based-relocation-provided-at-agoda-4370558744,"Front End/ Full Stack Engineering Manager (Bangkok based, relocation provided)",Agoda,posted,2026-07-25T07:39:30.560626,536
015c27a56f042f5d,https://ru.linkedin.com/jobs/view/hrd-at-chefmarket-ru-4442371493,HRD,,scraped,2026-07-27T12:40:21.975918,
aab14baea1f023e0,https://ru.linkedin.com/jobs/view/assistant-manager-account-management-at-a-p-moller-maersk-4436714252,Assistant Manager - Account Management,,scraped,2026-07-27T12:40:32.659816,
19f6b8a867e0222c,https://ru.linkedin.com/jobs/view/project-planning-control-specialist-at-pakchoob-industrial-group-4445347344,Project Planning & Control Specialist,,scraped,2026-07-27T12:40:42.965592,
42f1302a566eaf6f,https://ru.linkedin.com/jobs/view/regulatory-affairs-specialist-at-boston-scientific-4445672544,Regulatory Affairs Specialist,Boston Scientific,posted,2026-07-27T12:41:07.021426,466
764df156845ba050,https://ru.linkedin.com/jobs/view/newly-or-pq-accountant-at-acca-careers-4444829384,Newly or PQ Accountant,,scraped,2026-07-27T12:41:09.542636,
e637d78c0fd748f9,https://ru.linkedin.com/jobs/view/stay-connected-with-ciena-%E2%80%93-future-opportunities-at-ciena-4445749446,Stay Connected with Ciena – Future Opportunities,Ciena,posted,2026-07-29T10:14:46.976570,64
b45442605d34e07f,https://ru.linkedin.com/jobs/view/stay-connected-with-ciena-%E2%80%93-future-opportunities-at-ciena-4445732974,Stay Connected with Ciena – Future Opportunities,Ciena,posted,2026-07-29T10:14:52.025840,64
ec653dc9c63615d7,https://ru.linkedin.com/jobs/view/%D1%81%D0%B8%D1%81%D1%82%D0%B5%D0%BC%D0%BD%D1%8B%D0%B9-%D0%B0%D0%BD%D0%B0%D0%BB%D0%B8%D1%82%D0%B8%D0%BA-at-moneta-4443683265,Системный аналитик,,scraped,2026-07-29T10:14:54.802286,
02571bf4b04b076d,https://ru.linkedin.com/jobs/view/planning-assistant-at-united-infrastructure-ltd-4445143870,Planning Assistant,United Infrastructure Ltd,posted,2026-07-29T10:15:11.347538,538
fa426cdf0162293e,https://ru.linkedin.com/jobs/view/customer-success-executive-at-yandex-4443678945,Customer Success Executive,,scraped,2026-07-29T10:15:14.130727,
98037e5c8ec6f231,https://ru.linkedin.com/jobs/view/%D1%81%D1%82%D0%B0%D1%80%D1%88%D0%B8%D0%B9-%D0%B0%D0%BD%D0%B0%D0%BB%D0%B8%D1%82%D0%B8%D0%BA-4446388334,Старший аналитик,Межотраслевой экспертный центр,failed|wp_post_failed,2026-07-29T10:15:23.589076,
008475d85e75c4cf,https://ru.linkedin.com/jobs/view/environmental-health-and-safety-lead-at-promethean-4446539042,"Environmental, Health and Safety Lead",Promethean,posted,2026-07-29T10:15:34.035174,540
39a73e5b19c09c41,https://ru.linkedin.com/jobs/view/scrum-master-fraud-financial-ado-at-brmi-4444735762,Scrum Master (Fraud/Financial/ADO),BRMi,posted,2026-07-29T10:15:44.056747,542
7bf262a3bc2bfa3d,https://ru.linkedin.com/jobs/view/drafting-technician-4444655565,Drafting Technician,"AUGUST, automotive air-conditioner factory",posted,2026-07-29T10:15:50.615912,544
f5358b5c03811135,https://ru.linkedin.com/jobs/view/d2c-growth-marketer-partner-track-at-revo-4444870336,D2C Growth Marketer (Partner Track),REVO,posted,2026-07-29T10:15:57.832649,546
798e7db359d9f6a7,https://ru.linkedin.com/jobs/view/sales-associate-at-multinet-pakistan-private-limited-4441026615,Sales Associate,Multinet Pakistan (Private) Limited,posted,2026-07-29T10:16:12.038831,424
0d5d96573f893e7e,https://ru.linkedin.com/jobs/view/customer-service-representative-at-ibex-4441093924,Customer Service Representative,ibex,posted,2026-07-29T10:16:20.321013,548
d7aff37fa7e5cc15,https://ru.linkedin.com/jobs/view/business-development-manager-at-global-logistic-solutions-pakistan-4443273614,Business Development Manager,,scraped,2026-07-29T10:16:25.175556,
d888992c06650d48,https://ru.linkedin.com/jobs/view/senior-sales-executive-at-toyota-creek-motors-private-limited-4443257163,Senior Sales Executive,,scraped,2026-07-29T10:16:33.902893,
8f8a401efb69eaca,https://ru.linkedin.com/jobs/view/business-development-manager-at-matech-consulting-outsourcing-4442843021,Business Development Manager,Matech Consulting &amp; Outsourcing,posted,2026-07-29T10:16:46.106468,550
bcbe705598e48ba4,https://ru.linkedin.com/jobs/view/infrastructure-as-code-engineer-at-brmi-4443935493,Infrastructure as Code Engineer,BRMi,posted,2026-07-29T10:16:55.908758,552
e94234f0ad8d8031,https://ru.linkedin.com/jobs/view/%D0%BC%D0%B5%D0%BD%D0%B5%D0%B4%D0%B6%D0%B5%D1%80-%D0%BF%D0%BE-%D1%83%D0%BF%D1%80%D0%B0%D0%B2%D0%BB%D0%B5%D0%BD%D0%B8%D1%8E-%D0%BF%D0%BE%D1%80%D1%82%D1%84%D0%B5%D0%BB%D0%B5%D0%BC-%D0%B8-%D0%BF%D1%80%D0%BE%D0%B5%D0%BA%D1%82%D0%B0%D0%BC%D0%B8-%D0%BD%D0%B0%D0%BF%D1%80%D0%B0%D0%B2%D0%BB%D0%B5%D0%BD%D0%B8%D1%8F-%D0%BF%D0%BE-%D0%B7%D0%B0%D1%89%D0%B8%D1%82%D0%B5-%D1%81%D0%B5%D0%BC%D1%8F%D0%BD-%D0%B8-%D0%B1%D0%B8%D0%BE%D0%BB%D0%BE%D0%B3%D0%B8%D1%87%D0%B5%D1%81%D0%BA%D0%B8%D0%BC-%D1%80%D0%B5%D1%88%D0%B5%D0%BD%D0%B8%D1%8F%D0%BC-at-syngenta-4444955297,Менеджер по управлению портфелем и проектами направления по защите семян и биологическим решениям,,scraped,2026-07-29T10:16:58.375995,
c6f612b0130b9b4c,https://ru.linkedin.com/jobs/view/head-of-legal-at-sopharma-4444977101,Head of Legal,,scraped,2026-07-29T10:17:04.840848,
785e7291820f35c0,https://ru.linkedin.com/jobs/view/russian-speaking-business-development-manager-food-hpc-at-co-packing-center-4446323992,Russian-speaking Business Development Manager (Food/HPC),,scraped,2026-07-29T10:17:12.470402,
251b80fb45adae5e,https://ru.linkedin.com/jobs/view/national-sales-manager%EF%BC%88livestock-or-poultry%EF%BC%89-at-famsun-group-4444253296,National Sales Manager（Livestock or Poultry）,,scraped,2026-07-29T10:17:19.794794,
e56d6ad60d607b50,https://ru.linkedin.com/jobs/view/call-center-representative-at-voxly-solutions-4446570535,Call Center Representative,Voxly solutions,posted,2026-07-29T10:17:37.730125,554
82980a112ee3caf6,https://ru.linkedin.com/jobs/view/operations-manager-at-united-infrastructure-ltd-4425899483,Operations Manager,United Infrastructure Ltd,posted,2026-07-29T10:17:46.659144,556
8115616d623ce969,https://ru.linkedin.com/jobs/view/cluster-medical-head-russia-cis-israel-at-takeda-4445457146,Cluster Medical Head (Russia CIS Israel),,scraped,2026-07-29T10:17:51.290840,
ce5efe962deb852c,https://ru.linkedin.com/jobs/view/real-estate-broker-global-at-investing-in-rio-4441539861,Real Estate Broker Global,,scraped,2026-07-29T10:17:57.868921,
c1099540dbc3dd21,https://ru.linkedin.com/jobs/view/rn-registered-nurse-ir-at-baycare-health-system-4446147554,RN - Registered Nurse - IR,BayCare Health System,posted,2026-07-29T10:18:16.442434,558
5adc92bd356fcf82,https://ru.linkedin.com/jobs/view/commercial-excellence-director-at-haleon-4443186401,Commercial Excellence Director,,scraped,2026-07-29T10:18:21.189640,
26bcbeb809953a6e,https://ru.linkedin.com/jobs/view/team-lead-media-buyer-at-lidera-agency-4443245896,Team Lead Media buyer,Lidera.agency,posted,2026-07-29T10:18:35.748841,560
831f7d2cf8af8704,https://ru.linkedin.com/jobs/view/senior-frontend-developer-at-pasul-ltd-4443988221,Senior Frontend Developer,PASUL LTD,posted,2026-07-29T10:18:43.135960,562
c67d45d6992dea6d,https://ru.linkedin.com/jobs/view/%D1%82%D0%B5%D1%85%D0%BD%D0%B8%D1%87%D0%B5%D1%81%D0%BA%D0%B8%D0%B9-%D1%81%D0%BF%D0%B5%D1%86%D0%B8%D0%B0%D0%BB%D0%B8%D1%81%D1%82-%D0%BF%D0%BE-%D1%81%D0%B5%D1%80%D0%B2%D0%B8%D1%81%D1%83-%D0%B8-%D0%BE%D0%B1%D1%83%D1%87%D0%B5%D0%BD%D0%B8%D1%8E-at-higold-russia-%D0%B0%D0%BE-%C2%AB%D1%85%D0%B0%D0%B9%D0%B3%D0%BE%D0%BB%D0%B4-%D1%80%D1%83%D1%81%C2%BB-4441598574,Технический специалист по сервису и обучению,,scraped,2026-07-29T10:18:47.722381,
532ab697bc0a8899,https://ru.linkedin.com/jobs/view/intern-image-guiding-therapy-igt-modality-at-ge-healthcare-4446110426,"Intern, Image Guiding Therapy (IGT) modality",GE HealthCare,posted,2026-07-29T10:19:06.815932,564
32f18ffaf6017823,https://ru.linkedin.com/jobs/view/product-designer-l1-consumer-facing-marketing-bangkok-based-at-agoda-4428810272,Product Designer L1 (Consumer Facing / Marketing) (Bangkok - Based),Agoda,posted,2026-07-29T10:19:20.129943,566
1b129cc3867e5490,https://ru.linkedin.com/jobs/view/registered-nurse-med-surg-neuro-nights-at-baycare-health-system-4446328661,Registered Nurse - Med/Surg Neuro - Nights,BayCare Health System,posted,2026-07-29T10:19:29.848735,568
f129b20b6a54ed00,https://ru.linkedin.com/jobs/view/%D0%BC%D0%B5%D0%BD%D0%B5%D0%B4%D0%B6%D0%B5%D1%80-%D0%BF%D0%BE-%D0%BF%D1%80%D0%BE%D0%B4%D0%B0%D0%B6%D0%B0%D0%BC-%D1%81%D0%B7%D1%80-at-syngenta-4444946532,Менеджер по продажам СЗР,,scraped,2026-07-29T10:19:32.184221,
6c04b86d7036270c,https://ru.linkedin.com/jobs/view/registered-nurse-med-surg-cardiac-nights-at-baycare-health-system-4445252880,Registered Nurse - Med/Surg Cardiac - Nights,BayCare Health System,posted,2026-07-29T10:19:47.464742,570
cbdaa9875c44e5bd,https://ru.linkedin.com/jobs/view/registered-nurse-med-surg-cardiac-nights-at-baycare-health-system-4445256605,Registered Nurse - Med/Surg Cardiac - Nights,BayCare Health System,scraped,2026-07-29T10:19:51.767561,
c4b653ffc7a3558c,https://ru.linkedin.com/jobs/view/multimedia-content-designer-at-brmi-4447026500,Multimedia Content Designer,BRMi,posted,2026-07-31T10:05:27.044249,572
3c7acc31adb15364,https://ru.linkedin.com/jobs/view/regulatory-affairs-specialist-at-boston-scientific-4445984899,Regulatory Affairs Specialist,Boston Scientific,posted,2026-07-31T10:05:31.804698,466
3eef90c099ab1c37,https://ru.linkedin.com/jobs/view/%F0%9F%8E%99%EF%B8%8F-passionate-about-languages%3F-let%E2%80%99s-talk%21-at-emma-of-torre-ai-4447241077,🎙️ Passionate About Languages? Let’s Talk!,Emma of Torre.ai,posted,2026-07-31T10:05:39.124396,574
7c865d724472639e,https://ru.linkedin.com/jobs/view/creative-graphic-designer-at-hazari-impex-4444104018,Creative Graphic Designer,,scraped,2026-07-31T10:05:43.550145,
914843dc35b3c435,https://ru.linkedin.com/jobs/view/hotel-contracting-manager-russia-at-convergent-4435385087,Hotel Contracting Manager- Russia,,scraped,2026-07-31T10:05:50.917318,
a7775e6ebc6d8f0e,https://ru.linkedin.com/jobs/view/material-management-specialist-at-jetour-4444567422,Material Management Specialist,Jetour,posted,2026-07-31T10:06:09.649942,576
0e59b2229a72a137,https://ru.linkedin.com/jobs/view/creative-design-manager-at-vibrant-media-4442838515,Creative Design Manager,,scraped,2026-07-31T10:06:14.054100,
68a1d7eb7610874b,https://ru.linkedin.com/jobs/view/hr-executive-at-qsolutions-4443615504,HR Executive,Qsolutions,posted,2026-07-31T10:06:26.713166,578
2b1fc063e0b95b3d,https://ru.linkedin.com/jobs/view/key-account-manager-at-jd-com-4443271537,Key Account Manager,,scraped,2026-07-31T10:06:35.056081,
fe934cf99f8051d9,https://ru.linkedin.com/jobs/view/%D0%BF%D0%B0%D1%80%D1%82%D0%BD%D0%B5%D1%80-%D0%BF%D0%BE-%D1%80%D0%B0%D0%B7%D0%B2%D0%B8%D1%82%D0%B8%D1%8E-at-iberhomes-4446006311,Партнер по развитию,,scraped,2026-07-31T10:06:44.266753,
803da27cdbd1fa5a,https://ru.linkedin.com/jobs/view/regional-business-manager-%E2%80%93-industrial-sales-at-intermark-product-lines-pvt-ltd-exclusive-shell-b2bi-industrial-lubricant-distributor-for-south-4447274994,Regional Business Manager – Industrial Sales,,scraped,2026-07-31T10:06:54.668596,
06463288803232fd,https://ru.linkedin.com/jobs/view/orthodontic-regional-manager-rock-dental-brands-at-rock-dental-brands-4446968047,Orthodontic Regional Manager - Rock Dental Brands,Rock Dental Brands,posted,2026-07-31T10:07:08.994444,580
f4410646a53e78b1,https://ru.linkedin.com/jobs/view/head-of-identity-regulatory-market-strategy-at-jumio-corporation-4425623811,Head of Identity & Regulatory Market Strategy,Jumio Corporation,posted,2026-07-31T10:07:17.500046,582
b9b5645038aeba1c,https://ru.linkedin.com/jobs/view/ai-red-team-engineer-4442837494,AI Red Team Engineer,Zenith AI,posted,2026-07-31T10:07:25.526036,584
dbec9ea501a2dc56,https://ru.linkedin.com/jobs/view/legal-solutions-consultant-e-discovery-at-ist-management-4443262071,Legal Solutions Consultant - e-Discovery,IST Management,posted,2026-07-31T10:07:29.991532,372
6d43e0acfdfa5431,https://ru.linkedin.com/jobs/view/brakkemont%C3%B8r-for-brakke-containeravdeling-at-af-gruppen-4444554630,Brakkemontør for brakke-/containeravdeling,,scraped,2026-07-31T10:07:32.300392,
c423b27f58b99657,https://ru.linkedin.com/jobs/view/junior-corporate-secretary-russian-speaking-at-confidential-4444141134,Junior Corporate Secretary (Russian Speaking),Confidential,posted,2026-07-31T10:07:44.730498,586
0fac4bbe1ec2f279,https://ru.linkedin.com/jobs/view/product-designer-l1-consumer-facing-marketing-bangkok-based-at-agoda-4428806971,Product Designer L1 (Consumer Facing / Marketing) (Bangkok - Based),Agoda,posted,2026-07-31T10:07:53.127608,566
e55f3c406142d73f,https://ru.linkedin.com/jobs/view/aws-devops-engineer-at-qf-network-4445039381,AWS DevOps Engineer,,scraped,2026-07-31T10:07:55.593826,
d37f3077924530a7,https://ru.linkedin.com/jobs/view/personal-assistant-at-puffy-4443693086,Personal Assistant,Puffy,posted,2026-07-31T10:08:15.644596,588
624101df2c2d0a8e,https://ru.linkedin.com/jobs/view/%D1%80%D1%83%D0%BA%D0%BE%D0%B2%D0%BE%D0%B4%D0%B8%D1%82%D0%B5%D0%BB%D1%8C-%D0%BD%D0%B0%D0%BF%D1%80%D0%B0%D0%B2%D0%BB%D0%B5%D0%BD%D0%B8%D1%8F-%D1%82%D0%B5%D0%BB%D0%B5%D0%BC%D0%B0%D1%80%D0%BA%D0%B5%D1%82%D0%B8%D0%BD%D0%B3%D0%B0-at-cian-4446042711,Руководитель направления телемаркетинга,,scraped,2026-07-31T10:08:20.244644,
7f56945b094a7562,https://ru.linkedin.com/jobs/view/project-manager-relocation-to-cyprus-at-fxpro-4445690160,Project Manager (Relocation to Cyprus),FxPro,posted,2026-07-31T10:08:33.707920,254
4aa03799f0522d14,https://ru.linkedin.com/jobs/view/bilingual-sales-manager-mandarin-required-j52986-at-boe-technology-4444879295,Bilingual Sales Manager (Mandarin required) (J52986),,scraped,2026-07-31T10:08:36.312991,
2dddccbb36b5efe9,https://ru.linkedin.com/jobs/view/sales-manager-%E2%80%93-russia-cis-at-pulse-hotels-resorts-4446080103,Sales Manager – Russia & CIS,,scraped,2026-07-31T10:08:42.862632,
ba7effbe4e6d2b8e,https://ru.linkedin.com/jobs/view/resident-liaison-officer-at-united-infrastructure-ltd-4446784259,Resident Liaison Officer,United Infrastructure Ltd,posted,2026-07-31T10:09:00.827036,298
2e7fc1070fea04d5,https://ru.linkedin.com/jobs/view/senior-lecturer-at-unsw-4443670928,Senior Lecturer,UNSW,posted,2026-07-31T10:09:09.076807,134
590b04e392c62b72,https://ru.linkedin.com/jobs/view/data-management-infrastructure-manager-at-novartis-4445495388,Data Management & Infrastructure Manager,,scraped,2026-07-31T10:09:15.747196,
87592851606e26b4,https://ru.linkedin.com/jobs/view/charge-nurse-observation-days-at-baycare-health-system-4446886244,Charge Nurse - Observation - Days,BayCare Health System,posted,2026-07-31T10:09:29.605122,590
cd8f0cbc2fbfb339,https://ru.linkedin.com/jobs/view/program-manager-strategic-planning-security-governance-risk-at-brmi-4447034096,Program Manager- Strategic Planning (Security Governance & Risk),BRMi,posted,2026-07-31T10:09:38.763663,592
276f5aec0757e4c9,https://ru.linkedin.com/jobs/view/%D0%B0%D0%BD%D0%B0%D0%BB%D0%B8%D1%82%D0%B8%D0%BA-%D0%B4%D0%B0%D0%BD%D0%BD%D1%8B%D1%85-data-scientist-at-syngenta-4446352101,Аналитик данных / Data Scientist,,scraped,2026-07-31T10:09:41.361231,
5c86e6864e6f72dd,https://ru.linkedin.com/jobs/view/clinical-nurse-ii-at-baycare-health-system-4447054311,Clinical Nurse II,BayCare Health System,posted,2026-07-31T10:09:49.750544,396
e780da8b65e7f018,https://ru.linkedin.com/jobs/view/charge-nurse-pcu-nights-at-baycare-health-system-4446876681,Charge Nurse - PCU - Nights,BayCare Health System,posted,2026-07-31T10:09:58.461544,594
b88a838f81a51cb1,https://ru.linkedin.com/jobs/view/charge-nurse-med-surg-tele-nights-at-baycare-health-system-4447058307,Charge Nurse - Med/Surg Tele - Nights,BayCare Health System,posted,2026-07-31T10:10:12.430749,596
0dc544f1fabe46d8,https://ru.linkedin.com/jobs/view/charge-nurse-med-surg-post-surgical-days-at-baycare-health-system-4447054313,Charge Nurse - Med/Surg Post Surgical Days,BayCare Health System,posted,2026-07-31T10:10:22.047148,598
6a958513340facb0,https://ru.linkedin.com/jobs/view/registered-nurse-med-surg-post-surgical-nights-at-baycare-health-system-4446879632,Registered Nurse - Med/Surg Post Surgical - Nights,BayCare Health System,posted,2026-07-31T10:10:27.070500,398
6abb3e84224a0cfa,https://ru.linkedin.com/jobs/view/senior-system-analyst-relocation-to-cyprus-at-fxpro-4444965997,Senior System Analyst (Relocation to Cyprus),FxPro,posted,2026-07-31T10:10:37.851419,600
79b8600565f938ea,https://ru.linkedin.com/jobs/view/local-ict-infrastructure-specialist-at-puratos-4445083443,Local ICT Infrastructure Specialist,,scraped,2026-07-31T10:10:46.162011,
faa56d55c85bd3d8,https://ru.linkedin.com/jobs/view/lecturer-senior-lecturer-in-digital-electronics-at-unsw-4442816767,Lecturer / Senior Lecturer in Digital Electronics,UNSW,posted,2026-07-31T10:11:02.001082,602
f77b75ea5542bea7,https://ru.linkedin.com/jobs/view/product-designer-l2-senior-product-designer-trip-marketing-bangkok-based-relocation-provided-at-agoda-4447282851,"Product Designer L2/Senior Product Designer - Trip Marketing (Bangkok - Based, Relocation Provided)",Agoda,posted,2026-07-31T10:11:39.511012,604
1a0b0f7293ca7d01,https://ru.linkedin.com/jobs/view/procurement-and-logistics-support-at-regolith-4447530450,Procurement and Logistics Support,Regolith,posted,2026-08-01T07:54:37.744776,606
d6c8ef23b086cd5f,https://ru.linkedin.com/jobs/view/head-of-production-saint-petersburg-at-jetour-4445582541,Head of Production - Saint Petersburg,Jetour,posted,2026-08-01T07:54:51.596795,608
195947ae5314333b,https://ru.linkedin.com/jobs/view/customer-support-representative-at-xsolla-4445507220,Customer Support Representative,Xsolla,posted,2026-08-01T07:54:58.319404,610
ac63c5987a2d06f7,https://ru.linkedin.com/jobs/view/accountant-at-tabani-real-estate-pakistan-4444555450,Accountant,,scraped,2026-08-01T07:55:06.778685,
7e86cae7ea031fe8,https://ru.linkedin.com/jobs/view/global-technical-trainer-at-sany-mining-4446996047,Global Technical Trainer,SANY Mining,posted,2026-08-01T07:55:25.400648,612
bb499cbfee5be689,https://ru.linkedin.com/jobs/view/personale-e-quadri-nell-ambito-dell-infrastruttura-m-f-at-swiss-federal-administration-4446988844,Personale e quadri nell'ambito dell'infrastruttura (m/f),,scraped,2026-08-01T07:55:33.895476,
45d3857081c5c521,https://ru.linkedin.com/jobs/view/assistant-store-manager-m-w-d-lego-flagship-store-m%C3%BCnchen-zentrum-at-the-lego-group-4442822279,Assistant Store Manager (m/w/d) - LEGO Flagship Store München Zentrum,the LEGO Group,posted,2026-08-01T07:55:54.870404,614
27f6629519bf0968,https://ru.linkedin.com/jobs/view/gaming-community-manager-cis-at-gientech-4446960449,"Gaming Community Manager, CIS",GienTech,posted,2026-08-01T07:56:04.639393,616
10b5916b61966705,https://ru.linkedin.com/jobs/view/server-at-convive-brands-4445424092,Server,Convive Brands,posted,2026-08-01T07:56:23.975803,618
006c886b158fd93f,https://ru.linkedin.com/jobs/view/category-manager-at-jd-com-4443263638,Category Manager,,scraped,2026-08-01T07:56:26.313264,
c0ebe0f2813d7390,https://ru.linkedin.com/jobs/view/officier-%C3%A8re-d-%C3%A9tat-major-joint-visitors-bureau-at-swiss-armed-forces-4446985870,Officier/ère d'état-major Joint Visitors Bureau,Schweizer Armee,posted,2026-08-01T07:56:40.664723,620
052e0335098b42b2,https://ru.linkedin.com/jobs/view/mental-health-technician-at-baycare-health-system-4446153197,Mental Health Technician,BayCare Health System,posted,2026-08-01T07:56:49.688801,622
ad2802f48c8074a4,https://ru.linkedin.com/jobs/view/account-manager-at-novartis-4446472785,Account Manager,,scraped,2026-08-01T07:56:52.216734,
4c9450e7c6f43084,https://ru.linkedin.com/jobs/view/sr-systems-engineer-at-ruckus-networks-4431711953,Sr Systems Engineer,RUCKUS Networks,posted,2026-08-01T07:57:04.030939,624
68ec8f5814e6dfa2,https://ru.linkedin.com/jobs/view/area-sales-manager-at-kyocera-document-solutions-america-inc-4446909906,Area Sales Manager,"KYOCERA Document Solutions America, Inc.",posted,2026-08-01T07:57:15.444384,626
0fe2ca449d155e7b,https://ru.linkedin.com/jobs/view/%D0%BC%D0%B5%D0%BD%D0%B5%D0%B4%D0%B6%D0%B5%D1%80-%D0%B2%D1%8B%D0%B4%D0%B5%D0%BB%D0%B5%D0%BD%D0%BD%D0%BE%D0%B9-%D1%82%D0%BE%D1%80%D0%B3%D0%BE%D0%B2%D0%BE%D0%B9-%D0%BA%D0%BE%D0%BC%D0%B0%D0%BD%D0%B4%D1%8B-at-syngenta-4444497383,Менеджер выделенной торговой команды,,scraped,2026-08-01T07:57:17.737261,
ed4a845c5521ba92,https://ru.linkedin.com/jobs/view/kol-business-development-cis-at-bingx-4408686594,KOL Business Development (CIS),,scraped,2026-08-01T07:57:24.362525,
d0df7d1a73b25887,https://ru.linkedin.com/jobs/view/h-a-technical-desktop-coordinator-at-united-infrastructure-ltd-4444548420,H&A Technical Desktop Coordinator,United Infrastructure Ltd,posted,2026-08-01T07:57:36.386892,628
bbc40ae0638d45cb,https://ru.linkedin.com/jobs/view/resident-liaison-officer-at-united-infrastructure-ltd-4446414008,Resident Liaison Officer,United Infrastructure Ltd,posted,2026-08-01T07:57:45.006352,298
46ef2796759312fd,https://ru.linkedin.com/jobs/view/digital-marketing-specialist-at-pib-group-4447568154,Digital Marketing Specialist,,scraped,2026-08-01T07:57:47.527310,
7c6fa8c62113b01b,https://ru.linkedin.com/jobs/view/senior-research-fellow-at-unsw-4445540477,Senior Research Fellow,UNSW,posted,2026-08-01T07:58:06.058611,630
6b1922b66bff33a3,https://ru.linkedin.com/jobs/view/commercial-v-a-field-excellence-manager-at-novartis-4446454888,Commercial & V&A Field Excellence Manager,,scraped,2026-08-01T07:58:08.620870,
e4caa81fed3f78f0,https://ru.linkedin.com/jobs/view/supply-chain-solutions-manager-at-jd-com-4443256794,Supply Chain Solutions Manager,,scraped,2026-08-01T07:58:15.117146,
86e7ecfa59c4f026,https://ru.linkedin.com/jobs/view/legal-compliance-officer-russia-cis-at-er-kim-4445505548,Legal & Compliance Officer (Russia & CIS),,scraped,2026-08-01T07:58:30.486531,
d5bb84685b0d9a04,https://ru.linkedin.com/jobs/view/lead-unity-developer-pvp-shooter-pc-at-exbo-4444571443,"Lead Unity Developer (PvP shooter, PC)",,scraped,2026-08-01T07:58:36.618889,
12c91eab691d047a,https://ru.linkedin.com/jobs/view/rn-registered-nurse-ir-prn-at-baycare-health-system-4446169058,RN - Registered Nurse - IR (PRN),BayCare Health System,posted,2026-08-01T07:58:51.125641,632
9d23224a806899b7,https://ru.linkedin.com/jobs/view/freelance-multimodal-logistics-consultant-%E2%80%93-russia-to-middle-east-at-paradise-food-industries-pfi-4442888097,Freelance Multimodal Logistics Consultant – Russia to Middle East,Paradise Food Industries (PFI),posted,2026-08-01T07:59:04.349106,634
8056578f8b979593,https://ru.linkedin.com/jobs/view/medical-assistant-or-lpn-st-petersburg-at-baycare-health-system-4447713101,Medical Assistant or LPN - St. Petersburg,BayCare Health System,posted,2026-08-01T07:59:15.163204,636
d467cb28f3cdea36,https://ru.linkedin.com/jobs/view/registered-nurse-med-surg-oncology-nights-at-baycare-health-system-4446875829,Registered Nurse - Med/Surg Oncology - Nights,BayCare Health System,posted,2026-08-01T07:59:25.159342,638
0c8c34989cb66fda,https://ru.linkedin.com/jobs/view/executive-%E2%80%93-supply-chain-at-surfactant-chemicals-company-4445884354,Executive – Supply Chain,,scraped,2026-08-03T12:40:49.871513,
656c263a7d8e3fc9,https://ru.linkedin.com/jobs/view/registrar-at-baycare-health-system-4447272035,Registrar,BayCare Health System,posted,2026-08-03T12:41:03.893600,268
d103c0a70be58784,https://ru.linkedin.com/jobs/view/medical-science-liaison-at-novartis-4445598244,Medical Science Liaison,,scraped,2026-08-03T12:41:08.543122,
94c4b27e3b23b414,https://ru.linkedin.com/jobs/view/environmental-health-and-safety-lead-at-promethean-4447007662,"Environmental, Health and Safety Lead",Promethean,posted,2026-08-03T12:41:17.620475,540
cd002b127ecd2929,https://ru.linkedin.com/jobs/view/accountant-at-deel-4445875365,Accountant,Deel,posted,2026-08-03T12:41:31.151513,640
ac3848e3312c65b6,https://ru.linkedin.com/jobs/view/accountant-at-deel-4445868345,Accountant,Deel,scraped,2026-08-03T12:41:35.404773,
349936280c302526,https://ru.linkedin.com/jobs/view/marketing-specialist-events-exhibitions-at-hire-rightt-executive-search-hr-advisory-4447697584,Marketing Specialist (Events & Exhibitions),,scraped,2026-08-03T12:41:45.953479,
adc145ca1ccbab77,https://ru.linkedin.com/jobs/view/accountant-at-deel-4445871395,Accountant,Deel,scraped,2026-08-03T12:41:54.127646,
04df469ed6b1eeb5,https://ru.linkedin.com/jobs/view/%D0%BC%D0%B5%D0%BD%D0%B5%D0%B4%D0%B6%D0%B5%D1%80-%D0%BF%D0%BE-%D0%BF%D1%80%D0%BE%D0%B4%D0%B0%D0%B6%D0%B0%D0%BC-4444552650,Менеджер по продажам,BODRUS LLC,failed|wp_post_failed,2026-08-03T12:41:57.284100,
306bfeb4bcfde439,https://ru.linkedin.com/jobs/view/%D0%BC%D0%B5%D0%BD%D0%B5%D0%B4%D0%B6%D0%B5%D1%80-%D0%BF%D0%BE-%D0%BF%D1%80%D0%BE%D0%B4%D0%B0%D0%B6%D0%B0%D0%BC-%D0%B8-%D0%BF%D1%80%D0%B8%D0%B2%D0%BB%D0%B5%D1%87%D0%B5%D0%BD%D0%B8%D1%8E-%D0%BF%D0%B0%D1%80%D1%82%D0%BD%D1%91%D1%80%D0%BE%D0%B2-4447809495,Менеджер по продажам и привлечению партнёров,BuzzTravelAdventures.com,failed|wp_post_failed,2026-08-03T12:42:00.798240,
a85d7a0c6c41eae1,https://ru.linkedin.com/jobs/view/human-centred-design-product-designer-at-women-in-tech-4447881225,Human Centred Design - Product Designer,,scraped,2026-08-03T12:42:03.313270,
743135d4aa120262,https://ru.linkedin.com/jobs/view/acca-part-qualified-trainee-at-advisiti-consulting-4445886407,ACCA Part-Qualified Trainee,Advisiti Consulting,posted,2026-08-03T12:42:15.717849,642
bdac26cbcacb3b98,https://ru.linkedin.com/jobs/view/media-buyer-performance-marketing-russia-at-pear-media-llc-4447909852,Media Buyer (Performance Marketing)- Russia,Pear Media LLC,posted,2026-08-03T12:42:22.833015,326
ba77dee5afdf694f,https://ru.linkedin.com/jobs/view/ebook-front-sales-executive-at-pyraminx-4446206771,Ebook Front Sales Executive,,scraped,2026-08-03T12:42:25.242731,
0aa81b2cbefd805f,https://ru.linkedin.com/jobs/view/clinical-site-research-coordinator-at-translational-medicine-clinic-4444533594,Clinical Site Research Coordinator,Translational Medicine Clinic,posted,2026-08-03T12:42:43.066118,644
9f3fecd0caef231a,https://ru.linkedin.com/jobs/view/communications-designer-at-yandex-go-4446993402,Communications Designer,Yandex Go,posted,2026-08-03T12:42:49.964583,646
627c08aca51822c1,https://ru.linkedin.com/jobs/view/accountant-pirate-at-deel-4445877328,Accountant Pirate,Deel,posted,2026-08-03T12:42:58.765486,648
dfca43cae96efdc5,https://ru.linkedin.com/jobs/view/senior-product-marketing-manager-gateway-devices-vertical-solutions-at-nmi-4446870834,"Senior Product Marketing Manager - Gateway, Devices & Vertical Solutions",NMI,posted,2026-08-03T12:43:09.073396,650
74b981e002d45352,https://ru.linkedin.com/jobs/view/%D0%B4%D0%B8%D1%80%D0%B5%D0%BA%D1%82%D0%BE%D1%80-%D0%BF%D0%BE-%D1%84%D1%80%D0%B0%D0%BD%D1%87%D0%B0%D0%B9%D0%B7%D0%B8%D0%BD%D0%B3%D1%83-at-%D0%BD%D0%BE%D1%83-%D0%BC%D1%84%D0%BF%D1%83-%D1%81%D0%B8%D0%BD%D0%B5%D1%80%D0%B3%D0%B8%D1%8F-4446805236,Директор по франчайзингу,"НОУ МФПУ ""Синергия""",failed|wp_post_failed,2026-08-03T12:43:17.780956,
804d6b663e29af75,https://ru.linkedin.com/jobs/view/performance-%D0%BC%D0%B0%D1%80%D0%BA%D0%B5%D1%82%D0%BE%D0%BB%D0%BE%D0%B3-%D0%B2-%D0%BF%D1%80%D0%BE%D0%B8%D0%B7%D0%B2%D0%BE%D0%B4%D1%81%D1%82%D0%B2%D0%B5%D0%BD%D0%BD%D1%83%D1%8E-%D0%BA%D0%BE%D0%BC%D0%BF%D0%B0%D0%BD%D0%B8%D1%8E-at-cuptrade-4447263403,Performance-маркетолог в производственную компанию,Cuptrade,posted,2026-08-03T12:43:24.107016,652
720d51699b5bfe3a,https://ru.linkedin.com/jobs/view/continental-chef-4445599768,Continental Chef,Anascense Inc,posted,2026-08-03T12:43:31.206102,654
7525fa67188fe048,https://ru.linkedin.com/jobs/view/copy-copy-at-deel-4445862536,COPY COPY,Deel,posted,2026-08-03T12:43:39.680824,656
8f114deaf7dc51c2,https://ru.linkedin.com/jobs/view/market-sales-leader-rca-russia-and-central-asia-at-philips-4428732548,Market Sales Leader RCA (Russia and Central Asia),,scraped,2026-08-03T12:43:42.039251,
b55d27d0751d4b75,https://ru.linkedin.com/jobs/view/patient-care-technician-at-baycare-health-system-4447718038,Patient Care Technician,BayCare Health System,posted,2026-08-03T12:43:55.555311,658
e7f15e9b639e9467,https://ru.linkedin.com/jobs/view/head-of-school-school-of-science-at-unsw-4445878377,Head of School - School of Science,UNSW,posted,2026-08-03T12:44:09.369138,660
b195fc440138074d,https://ru.linkedin.com/jobs/view/%D0%B8%D0%BD%D0%B6%D0%B5%D0%BD%D0%B5%D1%80-%D0%BA%D0%BE%D0%BD%D1%81%D1%82%D1%80%D1%83%D0%BA%D1%82%D0%BE%D1%80-%D0%BF%D0%BE-%D0%BE%D1%81%D0%BD%D0%B0%D1%81%D1%82%D0%BA%D0%B5-4444128246,Инженер-конструктор по оснастке,Aeroplex LLC,posted,2026-08-03T12:44:15.216520,662
8a1332ead10c4c23,https://ru.linkedin.com/jobs/view/nurse-helper-full-time-first-shift-st-anthonys-hospital-at-baycare-health-system-4445448432,Nurse Helper (Full Time/First Shift) - St. Anthonys Hospital,BayCare Health System,posted,2026-08-03T12:44:23.908615,664
362f26f2d24ca76e,https://ru.linkedin.com/jobs/view/medical-science-liaison-at-novartis-4445594324,Medical Science Liaison,,scraped,2026-08-03T12:44:26.461973,
b215d31f594e5e81,https://ru.linkedin.com/jobs/view/head-of-production-kaliningrad-at-jetour-4445568690,Head of Production - Kaliningrad,Jetour,posted,2026-08-03T12:44:41.797501,666
f4d8065265db8189,https://ru.linkedin.com/jobs/view/indirect-procurement-business-partner-at-syngenta-4443532402,Indirect Procurement Business Partner,,scraped,2026-08-03T12:44:44.478553,
342da1eaa5000aaf,https://ru.linkedin.com/jobs/view/account-manager-at-novartis-4445589958,Account Manager,,scraped,2026-08-03T12:44:54.631002,
d24f8810eda27087,https://ru.linkedin.com/jobs/view/%D0%BC%D0%B5%D0%BD%D0%B5%D0%B4%D0%B6%D0%B5%D1%80-%D0%BD%D0%B0%D0%BF%D1%80%D0%B0%D0%B2%D0%BB%D0%B5%D0%BD%D0%B8%D1%8F-%D1%8D%D1%84%D1%84%D0%B5%D0%BA%D1%82%D0%B8%D0%B2%D0%BD%D0%BE%D1%81%D1%82%D0%B8-%D0%BF%D0%BE%D0%BB%D0%B5%D0%B2%D1%8B%D1%85-%D1%81%D0%B8%D0%BB-at-novartis-4445484542,Менеджер направления эффективности полевых сил,,scraped,2026-08-03T12:45:05.482477,
ba4cc1616155224f,https://ru.linkedin.com/jobs/view/food-services-representative-st-anthony-s-hospital-at-baycare-health-system-4447766033,Food Services Representative - St. Anthony's Hospital,BayCare Health System,posted,2026-08-03T12:45:20.959691,668
5e230fffecec9e92,https://ru.linkedin.com/jobs/view/trqwe-at-deel-4445884063,TRQWE,Deel,posted,2026-08-03T12:45:28.052124,670
10b1dcfeb138b085,https://ru.linkedin.com/jobs/view/qeqwwqwqw-at-deel-4445866446,QEQWWQWQW,Deel,posted,2026-08-03T12:45:35.411633,672
fcb67408679ed666,https://ru.linkedin.com/jobs/view/charge-nurse-med-surg-tele-nights-at-baycare-health-system-4447548808,Charge Nurse - Med/Surg/Tele - Nights,BayCare Health System,posted,2026-08-03T12:45:40.155992,596
f7c030ebf126a210,https://ru.linkedin.com/jobs/view/senior-research-fellow-at-unsw-4445861620,Senior Research Fellow,UNSW,posted,2026-08-03T12:45:52.336913,630
0d8797e3e298d433,https://ru.linkedin.com/jobs/view/accountant-23-at-deel-4445876287,Accountant 23,Deel,posted,2026-08-03T12:46:01.282865,674
52f9eef653854dc7,https://ru.linkedin.com/jobs/view/registered-nurse-med-surg-post-surgical-days-at-baycare-health-system-4446874766,Registered Nurse - Med/Surg Post Surgical - Days,BayCare Health System,posted,2026-08-03T12:46:10.669525,676
f82d8fd581d58b0d,https://ru.linkedin.com/jobs/view/cook-lpq-at-convive-brands-4447977172,Cook - LPQ,Convive Brands,posted,2026-08-03T12:46:17.263706,84
f1984aad00233609,https://ru.linkedin.com/jobs/view/lecturer-senior-lecturer-in-learning-systems-at-unsw-4445877408,Lecturer / Senior Lecturer in Learning Systems,UNSW,posted,2026-08-03T12:46:30.512080,678
d3a61e837b6ebd04,https://ru.linkedin.com/jobs/view/rn-registered-nurse-cardiac-rehab-at-baycare-health-system-4446553421,RN - Registered Nurse - Cardiac Rehab,BayCare Health System,posted,2026-08-03T12:46:39.071340,680
a378aa974201c287,https://ru.linkedin.com/jobs/view/product-designer-l2-senior-product-designer-trip-marketing-bangkok-based-relocation-provided-at-agoda-4447274928,"Product Designer L2/Senior Product Designer - Trip Marketing (Bangkok - Based, Relocation Provided)",Agoda,posted,2026-08-03T12:46:50.658733,682
b5fb9285303bfbd0,https://ru.linkedin.com/jobs/view/casual-academic-talent-pool-science-mathematics-statistics-at-unsw-4445868416,Casual Academic Talent Pool - Science - Mathematics & Statistics,UNSW,posted,2026-08-03T12:46:56.753607,234
1b1f230be782be0a,https://ru.linkedin.com/jobs/view/lecturer-ef-in-construction-management-at-unsw-4445872395,Lecturer (EF) in Construction Management,UNSW,posted,2026-08-03T12:47:03.060286,486
3c8a86337afdfc9d,https://ru.linkedin.com/jobs/view/casual-academic-talent-pool-%E2%80%93-ada-humanities-languages-at-unsw-4445883315,Casual Academic Talent Pool – ADA -Humanities & Languages,UNSW,posted,2026-08-03T12:47:09.266746,194
1c46e5cb78f39529,https://ru.linkedin.com/jobs/view/lecturer-senior-lecturer-phase-2-coordinator-rural-at-unsw-4445861638,"Lecturer / Senior Lecturer, Phase 2 Coordinator, Rural",UNSW,posted,2026-08-03T12:47:15.565638,316
f15fdd8050df639e,https://ru.linkedin.com/jobs/view/associate-professor-conservation-biology-at-unsw-4445873452,Associate Professor - Conservation Biology,UNSW,posted,2026-08-03T12:47:21.976984,530
2e30f76c041aeddf,https://ru.linkedin.com/jobs/view/senior-lecturer-palaeobiology-at-unsw-4445877417,Senior Lecturer - Palaeobiology,UNSW,posted,2026-08-03T12:47:28.196022,500
1652594980519adb,https://ru.linkedin.com/jobs/view/senior-lecturer-at-unsw-4445881343,Senior Lecturer,UNSW,posted,2026-08-03T12:47:34.522646,134
f2a512b3c194f889,https://ru.linkedin.com/jobs/view/server-at-convive-brands-4447979071,Server,Convive Brands,posted,2026-08-03T12:47:40.959387,618
93f758b75f2fa24f,https://ru.linkedin.com/jobs/view/kundenberater-in-%E2%80%93-webhosting-digital-services-at-concentrix-4446752030,Kundenberater/in – Webhosting & Digital Services,Concentrix,posted,2026-08-03T12:48:01.186991,684
b15e0132b349ef51,https://ru.linkedin.com/jobs/view/lecturer-%E2%80%93physiotherapy-neurological-rehabilitation-at-unsw-4445863617,Lecturer –Physiotherapy (Neurological Rehabilitation),UNSW,posted,2026-08-03T12:48:15.369481,686
0c8f0cc51e4204be,https://ru.linkedin.com/jobs/view/konsulent-i-sh%C3%ABrbimeve-ndaj-konsumatorit-n%C3%AB-gjuh%C3%AB-gjermane-n%C3%AB-prizren-at-concentrix-4446749036,Konsulent i Shërbimeve ndaj Konsumatorit në Gjuhë Gjermane në Prizren,Concentrix,posted,2026-08-03T12:48:23.193779,688
3ca7fdf4cd3daf00,https://ru.linkedin.com/jobs/view/associate-professor-first-peoples-medicine-identified-at-unsw-4445864540,"Associate Professor, First Peoples Medicine (Identified)",UNSW,posted,2026-08-03T12:48:48.842095,690
6a20623c35c71629,https://ru.linkedin.com/jobs/view/simulation-technician-at-arkansas-children-s-4446411789,Simulation Technician,Arkansas Children's,posted,2026-08-05T10:08:38.125480,692
3a16a218109338f1,https://ru.linkedin.com/jobs/view/shift-lead-at-convive-brands-4447983037,Shift Lead,Convive Brands,posted,2026-08-05T10:08:47.754543,694
bbc56f43733e6955,https://ru.linkedin.com/jobs/view/production-operator-i-at-iff-4447013486,Production Operator I,IFF,posted,2026-08-05T10:08:55.604153,696
5d23dad9fd1e0858,https://ru.linkedin.com/jobs/view/mri-coord-outpt-at-baycare-health-system-4449087687,MRI Coord - Outpt,BayCare Health System,posted,2026-08-05T10:09:07.390517,698
492f4f85809d0910,https://ru.linkedin.com/jobs/view/tiktok-shop-etsy-ebay-walmart-at-vortex-commerce-solution-4447308552,TikTok Shop | Etsy | eBay | Walmart,,scraped,2026-08-05T10:09:11.796713,
1f545698ff70249a,https://ru.linkedin.com/jobs/view/sales-development-representative-at-glavbot-ai-4446834878,Sales Development Representative,GlavBot AI,posted,2026-08-05T10:09:22.911774,700
93c6092f7e9a409b,https://ru.linkedin.com/jobs/view/web-manager-mccourt-school-of-public-policy-at-georgetown-university-4446681553,"Web Manager, McCourt School of Public Policy",Georgetown University,posted,2026-08-05T10:09:33.405364,702
a4d47a6e485d0421,https://ru.linkedin.com/jobs/view/troupe-et-cadres-dans-le-domaine-infrastructure-h-f-at-swiss-federal-administration-4446981940,Troupe et cadres dans le domaine Infrastructure (h/f),,scraped,2026-08-05T10:09:35.977469,
78d10c98caff30bd,https://ru.linkedin.com/jobs/view/data-operator-weld-loq-at-prosteel-construction-llc-4445020007,Data operator Weld loq,,scraped,2026-08-05T10:09:43.429457,
9a597f6839cd6f59,https://ru.linkedin.com/jobs/view/quality-manager-behaviour-attendance-compliance-at-the-progress-group-4444573324,"Quality Manager Behaviour, Attendance & Compliance",,scraped,2026-08-05T10:09:51.087372,
10f544a3af317871,https://ru.linkedin.com/jobs/view/business-development-manager-at-element-materials-technology-4447544793,Business Development Manager,,scraped,2026-08-05T10:09:58.758799,
5bb403394d3eaf5e,https://ru.linkedin.com/jobs/view/sales-and-marketing-executive-at-brothers-trading-corporation-4446658120,Sales And Marketing Executive,,scraped,2026-08-05T10:10:09.145679,
2739ecd1605e05fb,https://ru.linkedin.com/jobs/view/iss-operations-support-specialist-at-international-air-transport-association-iata-4448856208,ISS Operations Support Specialist,,scraped,2026-08-05T10:10:19.012796,
3fa6a250014b7fe7,https://ru.linkedin.com/jobs/view/lawyer-at-grata-international-st-petersburg-4447361267,Lawyer,GRATA International St. Petersburg,posted,2026-08-05T10:11:11.530259,704
6bdd013a12583c0b,https://ru.linkedin.com/jobs/view/%D0%B7%D0%B0%D0%BC%D0%B5%D1%81%D1%82%D0%B8%D1%82%D0%B5%D0%BB%D1%8C-%D0%B4%D0%B8%D1%80%D0%B5%D0%BA%D1%82%D0%BE%D1%80%D0%B0-%D0%BF%D0%BE-%D1%81%D0%BD%D0%B0%D0%B1%D0%B6%D0%B5%D0%BD%D0%B8%D1%8E-%D1%81%D0%B0%D1%85%D0%B0%D0%BB%D0%B8%D0%BD-at-east-mining-company-4447367700,Заместитель директора по снабжению (Сахалин),Восточная Горнорудная Компания,posted,2026-08-05T10:11:22.585117,706
62ac14a9b98d88df,https://ru.linkedin.com/jobs/view/server-lpq-at-convive-brands-4447964975,Server - LPQ,Convive Brands,posted,2026-08-05T10:11:31.893433,708
3ce895920fbdcd17,https://ru.linkedin.com/jobs/view/sw-field-service-engineer-at-siemens-healthineers-4448213780,SW Field Service Engineer,,scraped,2026-08-05T10:11:36.801026,
60dcca0fc535f984,https://ru.linkedin.com/jobs/view/%D1%80%D1%83%D0%BA%D0%BE%D0%B2%D0%BE%D0%B4%D0%B8%D1%82%D0%B5%D0%BB%D1%8C-%D0%BD%D0%B0%D0%BF%D1%80%D0%B0%D0%B2%D0%BB%D0%B5%D0%BD%D0%B8%D1%8F-%D0%B2%D0%B0%D0%BB%D1%8E%D1%82%D0%BD%D0%BE%D0%B3%D0%BE-%D0%BA%D0%BE%D0%BD%D1%82%D1%80%D0%BE%D0%BB%D1%8F-4448527695,Руководитель направления валютного контроля,Токеон,failed|wp_post_failed,2026-08-05T10:11:44.587077,
8112e1119e7a95e8,https://ru.linkedin.com/jobs/view/chief-financial-officer-at-herohunter-4446677577,Chief Financial Officer,HeroHunter,posted,2026-08-05T10:11:52.694061,710
96ada5409d127f92,https://ru.linkedin.com/jobs/view/%D0%B2%D0%B5%D0%B4%D1%83%D1%89%D0%B8%D0%B9-%D0%BA%D0%BE%D0%BD%D1%81%D1%83%D0%BB%D1%8C%D1%82%D0%B0%D0%BD%D1%82-sap-hcm-om-pt-pa-at-cherkizovo-group-4150468784,"Ведущий консультант SAP HCM (OM, PT, PA)","Группа ""Черкизово""",posted,2026-08-05T10:12:06.576735,712
5da2a2f8b7ef7eeb,https://ru.linkedin.com/jobs/view/sr-design-lead-at-cpj-limited-4447369424,Sr. Design Lead,CPJ LIMITED,posted,2026-08-05T10:12:17.663940,714
0088a2ad2b86e977,https://ru.linkedin.com/jobs/view/%D0%BA%D0%BE%D0%BD%D1%81%D1%83%D0%BB%D1%8C%D1%82%D0%B0%D0%BD%D1%82-%D0%BF%D0%BE-%D0%B0%D0%BD%D0%B0%D0%BB%D0%B8%D1%82%D0%B8%D0%BA%D0%B5-%D0%BA%D1%80%D0%B5%D0%B4%D0%B8%D1%82%D0%BD%D0%BE%D0%B3%D0%BE-%D0%BF%D0%BE%D1%80%D1%82%D1%84%D0%B5%D0%BB%D1%8F-pdl-%D0%BC%D0%B8%D0%BA%D1%80%D0%BE%D1%84%D0%B8%D0%BD%D0%B0%D0%BD%D1%81%D0%B8%D1%80%D0%BE%D0%B2%D0%B0%D0%BD%D0%B8%D0%B5-at-payarray-4445852279,Консультант по аналитике кредитного портфеля (PDL/микрофинансирование),,scraped,2026-08-05T10:12:24.279758,
95e8feadf06768f2,https://ru.linkedin.com/jobs/view/%D1%8E%D1%80%D0%B8%D1%81%D1%82-at-nektorov-saveliev-partners-4444541598,Юрист,,scraped,2026-08-05T10:12:30.855181,
68552b31025d72f5,https://ru.linkedin.com/jobs/view/sales-manager-at-chronos-consulting-t%C3%BCrkiye-4447089569,Sales Manager,Chronos Consulting Türkiye,posted,2026-08-05T10:13:03.241161,172
ddb063289d90f016,https://ru.linkedin.com/jobs/view/%D1%81%D0%B8%D1%81%D1%82%D0%B5%D0%BC%D0%BD%D1%8B%D0%B9-%D0%B0%D0%BD%D0%B0%D0%BB%D0%B8%D1%82%D0%B8%D0%BA-%D0%BE%D1%80%D0%B3%D0%B0%D0%BD%D0%B8%D0%B7%D0%B0%D1%82%D0%BE%D1%80-%D1%80%D0%B0%D0%B7%D1%80%D0%B0%D0%B1%D0%BE%D1%82%D0%BA%D0%B8-at-soctech-informational-technologies-in-social-sphere-4447995641,Системный аналитик/организатор разработки,SocTech (Informational Technologies in Social Sphere),posted,2026-08-05T10:13:14.651565,716
e46c3e001a222b03,https://ru.linkedin.com/jobs/view/backend-engineer-python-litestar-russian-speaking-startup-at-emtalk-4449030317,"Backend Engineer (Python / Litestar, Russian-speaking, Startup)",,scraped,2026-08-05T10:13:19.236492,
1353a835fb7c4a6b,https://ru.linkedin.com/jobs/view/professional-information-technology-at-new-development-bank-ndb-4445872252,professional Information Technology,,scraped,2026-08-05T10:13:29.748771,
c250db9dbefc320b,https://ru.linkedin.com/jobs/view/ufficiale-di-stato-maggiore-joint-visitors-bureau-at-swiss-armed-forces-4446989833,Ufficiale di stato maggiore Joint Visitors Bureau,,scraped,2026-08-05T10:13:53.222754,
ad3e0f55706625cb,https://ru.linkedin.com/jobs/view/legal-solutions-consultant-e-discovery-at-ist-management-4447907239,Legal Solutions Consultant - e-Discovery,IST Management,posted,2026-08-05T10:14:02.569170,372
3c3655e4299fe8c0,https://ru.linkedin.com/jobs/view/lecturer-senior-lecturer-in-chemical-engineering-at-unsw-4445869432,Lecturer/Senior Lecturer in Chemical Engineering,UNSW,posted,2026-08-05T10:14:18.461421,718
cc59c0c27f17c1d3,https://ru.linkedin.com/jobs/view/mechanical-fitter-at-united-infrastructure-ltd-4447130950,Mechanical Fitter,United Infrastructure Ltd,posted,2026-08-05T10:14:32.579572,720
39ef8e5ce04f7e3f,https://ru.linkedin.com/jobs/view/registered-nurse-med-surg-observation-nights-at-baycare-health-system-4449008416,Registered Nurse - Med/Surg Observation - Nights,BayCare Health System,posted,2026-08-05T10:14:45.594261,722
a94f2c5010de4a25,https://ru.linkedin.com/jobs/view/rn-registered-nurse-hemodialysis-days-at-baycare-health-system-4448651115,RN - Registered Nurse - Hemodialysis - Days,BayCare Health System,posted,2026-08-05T10:15:02.972695,724
78b178520d8d53ff,https://ru.linkedin.com/jobs/view/lecturer-in-australian-politics-teaching-and-research-at-unsw-4445864558,Lecturer in Australian Politics - Teaching and Research,UNSW,posted,2026-08-05T10:15:12.554626,726
ef7572fbe64e5ce4,https://ru.linkedin.com/jobs/view/production-operator-i-at-iff-4448893278,Production Operator I,IFF,scraped,2026-08-05T10:15:34.736515,
d928d2ddfa248e3f,https://ru.linkedin.com/jobs/view/medical-science-liaison-at-novartis-4445810124,Medical Science Liaison,,scraped,2026-08-05T10:15:37.093073,
497ab63e2d8731c9,https://ru.linkedin.com/jobs/view/senior-lecturer-first-peoples-nursing-identified-at-unsw-4446611218,"Senior Lecturer, First Peoples Nursing (Identified)",UNSW,posted,2026-08-05T10:15:59.239560,728
36eb857aa0d7f833,https://ru.linkedin.com/jobs/view/uppdragsledare-mot-vattenverksamhet-och-nap-at-tyr%C3%A9ns-sweden-4430550292,Uppdragsledare mot vattenverksamhet och NAP,,scraped,2026-08-05T10:16:09.600115,
9a9f5df656363aa3,https://ru.linkedin.com/jobs/view/room-attendant-housekeeping-attendant-mirembajtese-at-hilton-4423004895,Room Attendant / Housekeeping Attendant (Mirembajtese),Hilton,posted,2026-08-07T02:26:42.786975,730
34537e0fa49029f0,https://ru.linkedin.com/jobs/view/technical-advisor-at-puratos-4448453536,Technical Advisor,,scraped,2026-08-07T02:26:45.155931,
147d87786704668e,https://ru.linkedin.com/jobs/view/administrative-assistant-i-at-arkansas-children-s-4450009080,Administrative Assistant I,Arkansas Children's,posted,2026-08-07T02:26:56.370292,732
c09d1e686a69e1a4,https://ru.linkedin.com/jobs/view/online-manager-at-asda-4449667443,Online Manager,,scraped,2026-08-07T02:27:06.886427,
c22cf871cfd0e242,https://ru.linkedin.com/jobs/view/workplace-solutions-supervisor-at-opensity-solutions-4450687048,Workplace Solutions Supervisor,Opensity Solutions,posted,2026-08-07T02:27:21.942426,734
88ae58eb6062aace,https://ru.linkedin.com/jobs/view/electrician-at-united-infrastructure-ltd-4449752569,Electrician,United Infrastructure Ltd,posted,2026-08-07T02:27:33.255257,736
29c12ee856f52e3a,https://ru.linkedin.com/jobs/view/property-advisor-at-emaar-4448419572,Property Advisor,,scraped,2026-08-07T02:27:35.653182,
0c506d74ca1f9792,https://ru.linkedin.com/jobs/view/project-lead-iii-at-yulista-holding-llc-4450641939,Project Lead III,Yulista Holding LLC,posted,2026-08-07T02:27:48.474714,738
5202a37b637bd17d,https://ru.linkedin.com/jobs/view/account-manager-at-novartis-4446647794,Account Manager,,scraped,2026-08-07T02:27:52.815872,
13cb2dd581fe981a,https://ru.linkedin.com/jobs/view/compensation-benefits-manager-at-confidential-4448096761,Compensation & Benefits Manager,Confidential,posted,2026-08-07T02:28:04.172353,740
50fb9584441ca936,https://ru.linkedin.com/jobs/view/konsulent-i-sh%C3%ABrbimeve-n%C3%AB-gjuh%C3%AB-gjermane-n%C3%AB-mitrovic%C3%AB-telecommunication-at-concentrix-4446612983,Konsulent i Shërbimeve në Gjuhë Gjermane në Mitrovicë - Telecommunication,Concentrix,posted,2026-08-07T02:28:18.028830,742
90fd6356bae41e8a,https://ru.linkedin.com/jobs/view/technical-consultant-at-snibe-4450684524,Technical Consultant,,scraped,2026-08-07T02:28:20.584060,
4ededaf1e0e8e779,https://ru.linkedin.com/jobs/view/identity-access-management-engineer-at-brmi-4450277687,Identity & Access Management Engineer,BRMi,posted,2026-08-07T02:28:34.940408,744
cf8c799f69b9707d,https://ru.linkedin.com/jobs/view/technical-service-engineer-at-element-solutions-inc-4448993792,Technical Service Engineer,Element Solutions Inc,posted,2026-08-07T02:28:44.443960,746
864f600b98a7577e,https://ru.linkedin.com/jobs/view/certified-professional-coder-at-mindpath-health-4446240845,Certified Professional Coder,Mindpath Health,posted,2026-08-07T02:28:54.113941,748
78405c7c92e7b5f6,https://ru.linkedin.com/jobs/view/%D0%BC%D0%B5%D0%B4%D0%B8%D1%86%D0%B8%D0%BD%D1%81%D0%BA%D0%B8%D0%B9-%D0%BF%D1%80%D0%B5%D0%B4%D1%81%D1%82%D0%B0%D0%B2%D0%B8%D1%82%D0%B5%D0%BB%D1%8C-medical-line-%D0%B3-%D0%B5%D0%BA%D0%B0%D1%82%D0%B5%D1%80%D0%B8%D0%BD%D0%B1%D1%83%D1%80%D0%B3-at-sandoz-4447350054,Медицинский представитель (Medical Line) - г. Екатеринбург,,scraped,2026-08-07T02:28:56.475784,
9c5fff805343e1b1,https://ru.linkedin.com/jobs/view/%D0%BD%D0%B0%D1%87%D0%B0%D0%BB%D1%8C%D0%BD%D0%B8%D0%BA-%D0%BF%D1%80%D0%BE%D0%B8%D0%B7%D0%B2%D0%BE%D0%B4%D1%81%D1%82%D0%B2%D0%B5%D0%BD%D0%BD%D0%BE%D0%B3%D0%BE-%D0%BE%D1%82%D0%B4%D0%B5%D0%BB%D0%B0-4449635820,Начальник производственного отдела,"Букмекерская контора ""LEON""",failed|wp_post_failed,2026-08-07T02:29:03.636744,
bb052ce0faf19cda,https://ru.linkedin.com/jobs/view/image-collection-specialist-russia-at-rws-group-4449790417,Image Collection Specialist (Russia),,scraped,2026-08-07T02:29:06.280249,
78396745bbd43a07,https://ru.linkedin.com/jobs/view/%D0%BD%D0%B0%D0%BB%D0%BE%D0%B3%D0%BE%D0%B2%D1%8B%D0%B9-%D1%8E%D1%80%D0%B8%D1%81%D1%82-at-shapovalov-petrov-law-firm-4448823720,Налоговый юрист,,scraped,2026-08-07T02:29:20.893064,
e71c5bed7a2e7b3e,https://ru.linkedin.com/jobs/view/certified-nurse-assistant-cna-ob-at-olympic-medical-center-4449921831,"Certified Nurse Assistant (CNA), OB",Olympic Medical Center,posted,2026-08-07T02:29:34.783767,750
0fad66723c1d4ec4,https://ru.linkedin.com/jobs/view/project-manager-relocation-to-cyprus-at-fxpro-4450610863,Project Manager (Relocation to Cyprus),FxPro,posted,2026-08-07T02:29:42.554877,254
6f9f64d884a61726,https://ru.linkedin.com/jobs/view/pr-%D1%81%D0%BF%D0%B5%D1%86%D0%B8%D0%B0%D0%BB%D0%B8%D1%81%D1%82-%D1%83%D0%B4%D0%B0%D0%BB%D0%B5%D0%BD%D0%BD%D0%BE-4448405263,PR-специалист (удаленно),www.lifecareerbalance.ru,posted,2026-08-07T02:29:50.599954,752
5977474edf223c3c,https://ru.linkedin.com/jobs/view/c%2B%2B-networking-at-v4scale-4446645825,C++ Networking,,scraped,2026-08-07T02:29:53.163438,
8a1047200502af5a,https://ru.linkedin.com/jobs/view/senior-product-designer-at-%D0%BF%D1%80%D0%BE%D1%84%D0%B8-%D1%80%D1%83-4448866688,Senior Product Designer,,scraped,2026-08-07T02:29:59.681888,
d6d62ddc736cca0e,https://ru.linkedin.com/jobs/view/vinsoc-global-cybersecurity-expert-recruitment-program-%E2%80%93-relocation-to-vietnam-open-to-russian-speaking-expatriate-candidates-at-vingroup-jsc-4447873956,[VinSOC] Global Cybersecurity Expert Recruitment Program – Relocation to Vietnam | Open to Russian-Speaking Expatriate Candidates,,scraped,2026-08-07T02:30:07.197500,
cecbf1ff0c8a474a,https://vn.linkedin.com/jobs/view/principal-javascript-engineer-node-js-react-at-qode-world-india-4449378827,Principal JavaScript Engineer (Node.js & React),,scraped,2026-08-07T02:30:13.541213,
03f355bd32917590,https://ru.linkedin.com/jobs/view/tele-triage-registered-nurse-rn-at-starting-point-nursing-services-4448566997,Tele-Triage Registered Nurse - RN,Starting Point Nursing Services,posted,2026-08-07T02:30:28.224175,754
087ef64af91481a1,https://ru.linkedin.com/jobs/view/medical-office-rep-at-baycare-health-system-4448931812,Medical Office Rep,BayCare Health System,posted,2026-08-07T02:30:34.789632,72
aad2a3fd6afeabf4,https://ru.linkedin.com/jobs/view/revenue-accounting-analyst-at-hilton-4423019558,Revenue Accounting Analyst,Hilton,posted,2026-08-07T02:30:42.618032,756
4a54604e141f8583,https://ru.linkedin.com/jobs/view/account-manager-at-novartis-4419634254,Account Manager,,scraped,2026-08-07T02:30:50.982561,
8c0b1e0dc490b7a4,https://ru.linkedin.com/jobs/view/lab-medical-assistant-ii-at-baycare-health-system-4450663229,Lab Medical Assistant II,BayCare Health System,posted,2026-08-07T02:31:05.722192,758
8888a6009ccaa796,https://ru.linkedin.com/jobs/view/cardiac-device-technician-at-baycare-health-system-4449927610,Cardiac Device Technician,BayCare Health System,posted,2026-08-07T02:31:14.605242,760
7d5c91004af24fba,https://ru.linkedin.com/jobs/view/process-expert-at-novartis-4448433336,Process Expert,,scraped,2026-08-07T02:31:19.124454,
8d1ba63d6ce733b6,https://ru.linkedin.com/jobs/view/account-manager-at-novartis-4446648827,Account Manager,,scraped,2026-08-07T02:31:25.723323,
922f9363c44d33ac,https://ru.linkedin.com/jobs/view/clinical-laboratory-scientist-coordinator-at-baycare-health-system-4450295270,Clinical Laboratory Scientist Coordinator,BayCare Health System,posted,2026-08-07T02:31:38.824522,762
3d4e00ef95c98621,https://ru.linkedin.com/jobs/view/intern-finance-department-at-ge-healthcare-4449044206,"Intern, Finance department",GE HealthCare,posted,2026-08-07T02:31:46.752448,764
a4ae35141ce2fce2,https://ru.linkedin.com/jobs/view/strategic-research-cluster-initiative-faculty-of-science-at-unsw-4446254286,Strategic Research Cluster Initiative - Faculty of Science,UNSW,posted,2026-08-07T02:32:00.624600,766
734097e50dc94319,https://ru.linkedin.com/jobs/view/lecturer-senior-lecturer-databases-at-unsw-4445872402,Lecturer/Senior Lecturer - Databases,UNSW,posted,2026-08-07T02:32:09.098827,532
2b5722595f919bbc,https://ru.linkedin.com/jobs/view/registered-nurse-er-nights-at-baycare-health-system-4448654088,Registered Nurse ER Nights,BayCare Health System,posted,2026-08-07T02:32:18.016245,768
05e3afcab81645b2,https://ru.linkedin.com/jobs/view/lecturer-education-focused-mathematics-statistics-at-unsw-4445865557,Lecturer - Education Focused - Mathematics & Statistics,UNSW,posted,2026-08-07T02:32:27.141936,770
fd5fd827db978148,https://ru.linkedin.com/jobs/view/head-of-school-school-of-aviation-at-unsw-4445880340,Head of School - School of Aviation,UNSW,posted,2026-08-07T02:32:36.666977,772
44218a7183fa4ccc,https://ru.linkedin.com/jobs/view/lecturer-senior-lecturer-in-electrical-engineering-education-focused-at-unsw-4445881320,Lecturer / Senior Lecturer in Electrical Engineering (Education Focused),UNSW,posted,2026-08-07T02:32:54.399033,774
adbb3ec1cb1cae65,https://ru.linkedin.com/jobs/view/lecturer-senior-lecturer-education-focused-physics-at-unsw-4445871461,Lecturer/Senior Lecturer - Education Focused - Physics,UNSW,posted,2026-08-07T02:33:02.871133,528
c91b0471c720f1f3,https://ru.linkedin.com/jobs/view/product-designer-l2-senior-enterprise-products-bangkok-based-relocation-provided-at-agoda-4440508999,"Product Designer L2/Senior - Enterprise Products (Bangkok-Based, Relocation Provided)",Agoda,posted,2026-08-07T02:33:15.809645,776
b7115e5c925d561a,https://ru.linkedin.com/jobs/view/product-designer-l2-senior-enterprise-products-bangkok-based-relocation-provided-at-agoda-4440531001,"Product Designer L2/Senior - Enterprise Products (Bangkok-Based, Relocation Provided)",Agoda,posted,2026-08-07T02:33:26.946993,778
8a5ff83ca1cad9e0,https://ru.linkedin.com/jobs/view/steward-dishwasher-at-hilton-4423007867,Steward - Dishwasher,Hilton,posted,2026-08-09T01:19:13.439601,780
b1561d99a67be178,https://ru.linkedin.com/jobs/view/country-manager-uk-e-mobility-all-genders-at-chargecloud-4446643157,Country Manager UK - E-Mobility (all genders),,scraped,2026-08-09T01:19:27.945433,
f2192067dc2f6507,https://ru.linkedin.com/jobs/view/retailer-at-convive-brands-4447964954,Retailer,Convive Brands,posted,2026-08-09T01:19:41.279855,782
4f918b1f75a89daf,https://ru.linkedin.com/jobs/view/business-development-executive-at-alriaz-chemicals-4448728771,Business Development Executive,,scraped,2026-08-09T01:19:43.698920,
469166cee0b0c086,https://ru.linkedin.com/jobs/view/developer-evangelist-community-cis-at-xsolla-4448466953,Developer Evangelist - Community (CIS),Xsolla,posted,2026-08-09T01:20:03.389468,784
8c0a8ceb3c93ee6b,https://ru.linkedin.com/jobs/view/assistant-community-manager-federation-plaza-at-trg-management-company-4449798569,Assistant Community Manager - Federation Plaza,TRG Management Company,posted,2026-08-09T01:20:11.845755,786
d81fa699af7c5f4a,https://ru.linkedin.com/jobs/view/business-development-executive-at-webx-ecommerce-4447370708,Business Development Executive,,scraped,2026-08-09T01:20:18.236736,
eb2d7a355fe7d85f,https://ru.linkedin.com/jobs/view/organizational-development-manager-at-kaspersky-4447903225,Organizational Development Manager,,scraped,2026-08-09T01:20:28.665017,
d78eae4aadbfa249,https://ru.linkedin.com/jobs/view/mid-level-embroidery-digitizer-and-designer-at-digitemb-4448081960,Mid-Level Embroidery Digitizer And Designer,DIGITEMB,posted,2026-08-09T01:20:41.519500,788
b9a0e1ec0b3ac015,https://ru.linkedin.com/jobs/view/data-access-governance-analyst-at-brmi-4449647403,Data Access Governance Analyst,BRMi,posted,2026-08-09T01:20:50.729018,790
90452b85ac3d6b30,https://ru.linkedin.com/jobs/view/mobile-equipment-mechanic-at-apm-terminals-4450086920,Mobile Equipment Mechanic,,scraped,2026-08-09T01:20:55.361340,
cacd73b3933e0aa7,https://ru.linkedin.com/jobs/view/sr-grants-accountant-at-ampact-4449193790,Sr. Grants Accountant,Ampact,posted,2026-08-09T01:21:08.637600,792
683af5988c2df5e6,https://ru.linkedin.com/jobs/view/conseiller-adjoint-de-coop%C3%A9ration-et-d%E2%80%99action-culturelle-directeur-d%C3%A9l%C3%A9gu%C3%A9-d-%C3%A9tablissement-culturel-f-h-institut-fran%C3%A7ais-de-russie-%C3%A0-moscou-at-minist%C3%A8re-des-affaires-%C3%A9trang%C3%A8res-fran%C3%A7ais-4450748355,Conseiller adjoint de coopération et d’action culturelle / Directeur délégué d'établissement culturel (F/H) -Institut français de Russie à Moscou,Ministère de l'Europe et des Affaires étrangères,posted,2026-08-09T01:21:20.845205,794
72abf350af10f542,https://ru.linkedin.com/jobs/view/business-strategy-analyst-at-yandex-go-4450337524,Business Strategy Analyst,Yandex Go,posted,2026-08-09T01:21:33.514762,796
8e456a5cf225157b,https://ru.linkedin.com/jobs/view/director-of-mobile-games-user-acquisition-at-numrah-group-4445838606,Director of Mobile Games User Acquisition,,scraped,2026-08-09T01:21:36.117796,
4b50aeba21701bfd,https://ru.linkedin.com/jobs/view/field-service-engineer-at-ge-healthcare-4448192745,Field Service Engineer,GE HealthCare,posted,2026-08-09T01:21:44.584782,386
0af3ff55271c2abd,https://ru.linkedin.com/jobs/view/%E9%94%80%E5%94%AE%E7%BB%8F%E7%90%86-at-choho-official-4448820978,销售经理,,scraped,2026-08-09T01:21:49.151064,
d662aa0ecf9b9e3b,https://ru.linkedin.com/jobs/view/head-of-school-school-of-humanities-and-social-sciences-at-unsw-4445872437,Head Of School - School of Humanities and Social Sciences,UNSW,posted,2026-08-09T01:22:03.769722,798
70ceb876b99b0b59,https://ru.linkedin.com/jobs/view/senior-technical-product-manager-at-kaspersky-4448508602,Senior Technical Product Manager,,scraped,2026-08-09T01:22:06.163088,
a50bb009d06a185e,https://ru.linkedin.com/jobs/view/cfd-country-manager-russia-at-bingx-4448271920,CFD Country Manager - Russia,,scraped,2026-08-09T01:22:15.686200,
687ffef7ec7e510e,https://ru.linkedin.com/jobs/view/tele-triage-licensed-practical-nurse-lpn-at-starting-point-nursing-services-4449118933,Tele-Triage Licensed Practical Nurse - LPN,Starting Point Nursing Services,posted,2026-08-09T01:22:24.162335,422
1b6861f1d72e7778,https://ru.linkedin.com/jobs/view/%D0%BC%D0%B0%D1%80%D0%BA%D0%B5%D1%82%D0%BE%D0%BB%D0%BE%D0%B3-b2b-at-lemier-4448759340,Маркетолог B2B,LEMIER,posted,2026-08-09T01:22:32.085445,800
e4b1a157ef6b4d3a,https://ru.linkedin.com/jobs/view/vice-president-global-business-development-membership-russia-at-dana-elite-sales-club-holdings-4450909315,"Vice President, Global Business Development & Membership (Russia)",,scraped,2026-08-09T01:22:34.700853,
52da0b6e2c541136,https://ru.linkedin.com/jobs/view/portfolio-risk-analyst-%E2%80%94-consumer-lending-vietnam-market-at-aurora-management-vietnam-4446288303,Portfolio Risk Analyst — Consumer Lending Vietnam Market,Aurora management Vietnam,posted,2026-08-09T01:22:47.981649,802
9444b05298c7cd8d,https://ru.linkedin.com/jobs/view/stewarding-supervisor-at-hilton-4423014748,Stewarding Supervisor,Hilton,posted,2026-08-09T01:22:59.844174,804
e4ae0f0fe1b7403b,https://ru.linkedin.com/jobs/view/spa-attendant-at-hilton-4423004900,Spa Attendant,Hilton,posted,2026-08-09T01:23:08.086409,806
efd948bea8f82538,https://ru.linkedin.com/jobs/view/telephone-operator-at-hilton-4423023094,Telephone Operator,Hilton,posted,2026-08-09T01:23:23.792676,808
9aaea125ad9f30eb,https://ru.linkedin.com/jobs/view/security-supervisor-at-hilton-4423003912,Security Supervisor,Hilton,posted,2026-08-09T01:23:31.847225,810
3842361c1b6d65ec,https://ru.linkedin.com/jobs/view/transporter-i-at-baycare-health-system-4448644194,Transporter I,BayCare Health System,posted,2026-08-09T01:23:40.634156,812
aa4d8219270a8d1f,https://ru.linkedin.com/jobs/view/medical-science-liaison-at-novartis-4446237967,Medical Science Liaison,,scraped,2026-08-09T01:23:43.236214,
2a00e52f733e69b2,https://ru.linkedin.com/jobs/view/medical-science-liaison-at-novartis-4446249821,Medical Science Liaison,,scraped,2026-08-09T01:23:53.679167,
31dc9a62bd41d0b2,https://ru.linkedin.com/jobs/view/lab-medical-assistant-i-at-baycare-health-system-4450659499,Lab Medical Assistant I,BayCare Health System,posted,2026-08-09T01:24:06.999918,814
3883222459fd5466,https://ru.linkedin.com/jobs/view/developer-evangelist-integrations-cis-at-xsolla-4448469940,Developer Evangelist - Integrations (CIS),Xsolla,posted,2026-08-09T01:24:15.359263,816
bb3f3cb1cadf75e9,https://ru.linkedin.com/jobs/view/%D1%81%D1%82%D0%B0%D1%80%D1%88%D0%B8%D0%B9-%D0%BC%D0%B5%D0%B4%D0%B8%D1%86%D0%B8%D0%BD%D1%81%D0%BA%D0%B8%D0%B9-%D0%BF%D1%80%D0%B5%D0%B4%D1%81%D1%82%D0%B0%D0%B2%D0%B8%D1%82%D0%B5%D0%BB%D1%8C-specialty-%D0%B3-%D0%BF%D0%B5%D1%80%D0%BC%D1%8C-at-sandoz-4450232336,"Старший медицинский представитель (Specialty), г. Пермь",,scraped,2026-08-09T01:24:23.760108,
2f5a7a5208d791e7,https://ru.linkedin.com/jobs/view/%D1%81%D1%82%D0%B0%D1%80%D1%88%D0%B8%D0%B9-%D0%BC%D0%B5%D0%B4%D0%B8%D1%86%D0%B8%D0%BD%D1%81%D0%BA%D0%B8%D0%B9-%D0%BF%D1%80%D0%B5%D0%B4%D1%81%D1%82%D0%B0%D0%B2%D0%B8%D1%82%D0%B5%D0%BB%D1%8C-specialty-%D0%B3-%D0%BF%D0%B5%D1%80%D0%BC%D1%8C-at-sandoz-4450235162,"Старший медицинский представитель (Specialty), г. Пермь",,scraped,2026-08-09T01:24:29.818939,
83ff690c1ed7c76b,https://ru.linkedin.com/jobs/view/hospital-care-coordinator-rn-case-management-at-baycare-health-system-4448634945,Hospital Care Coordinator - RN Case Management,BayCare Health System,posted,2026-08-09T01:24:42.700282,818
165c19b19870140c,https://ru.linkedin.com/jobs/view/registered-nurse-outpatient-infusion-days-at-baycare-health-system-4450600231,Registered Nurse - Outpatient Infusion - Days,BayCare Health System,posted,2026-08-09T01:24:51.825558,820
51ad3a91057c44ee,https://ru.linkedin.com/jobs/view/charge-nurse-cardiac-days-at-baycare-health-system-4449005585,Charge Nurse - Cardiac - Days,BayCare Health System,posted,2026-08-09T01:25:00.804418,822
e85aa8caebc0cded,https://ru.linkedin.com/jobs/view/%D1%80%D0%B5%D0%B3%D0%B8%D0%BE%D0%BD%D0%B0%D0%BB%D1%8C%D0%BD%D1%8B%D0%B9-%D1%81%D0%BF%D0%B5%D1%86%D0%B8%D0%B0%D0%BB%D0%B8%D1%81%D1%82-%D0%BF%D0%BE-%D0%BC%D0%B0%D1%80%D0%BA%D0%B5%D1%82%D0%B8%D0%BD%D0%B3%D1%83-at-syngenta-4450735553,Региональный специалист по маркетингу,,scraped,2026-08-09T01:25:07.156561,
963bd261ae4847d1,https://ru.linkedin.com/jobs/view/environmental-services-technician-at-baycare-health-system-4449654940,Environmental Services Technician,BayCare Health System,posted,2026-08-09T01:25:19.886599,48
ba425474a5bca1ad,https://ru.linkedin.com/jobs/view/lecturer-senior-lecturer-in-digital-electronics-at-unsw-4445881355,Lecturer / Senior Lecturer in Digital Electronics,UNSW,posted,2026-08-09T01:25:26.063480,602
5831ed2d1157b84c,https://ru.linkedin.com/jobs/view/%D0%B4%D0%B8%D1%80%D0%B5%D0%BA%D1%82%D0%BE%D1%80-%D0%B3%D0%BE%D0%BA%D0%B0-4451564234,Директор ГОКа,Нерюнгри,failed|wp_post_failed,2026-08-11T01:19:06.818633,
32e50af7968a9d43,https://ru.linkedin.com/jobs/view/corporate-executive-at-gwm-society-4446602527,Corporate Executive,GWM Society,posted,2026-08-11T01:19:23.733332,824
9437d1e9ee97c92b,https://ru.linkedin.com/jobs/view/associate-clinical-application-specialist-mako-product-moscow-at-stryker-4451133038,"Associate Clinical Application Specialist, Mako Product (Moscow)",Stryker,posted,2026-08-11T01:19:58.209280,826
2d135e8ca2122c74,https://ru.linkedin.com/jobs/view/%D1%82%D0%B5%D1%85%D0%BD%D0%B8%D1%87%D0%B5%D1%81%D0%BA%D0%B8%D0%B9-%D0%B4%D0%B8%D1%80%D0%B5%D0%BA%D1%82%D0%BE%D1%80-at-escalate-4449542965,Технический директор,Escalate,failed|wp_post_failed,2026-08-11T01:20:08.286899,
87b6b26dc058d278,https://ru.linkedin.com/jobs/view/operations-compliance-specialist-at-gini-talent-4451569301,Operations & Compliance Specialist,Gini Talent,posted,2026-08-11T01:20:15.109931,828
8fb9f1300c261db1,https://ru.linkedin.com/jobs/view/%D0%BC%D0%B5%D0%BD%D0%B5%D0%B4%D0%B6%D0%B5%D1%80-%D0%B3%D1%80%D1%83%D0%BF%D0%BF%D0%B0-%D0%BC%D0%B5%D0%B6%D0%B4%D1%83%D0%BD%D0%B0%D1%80%D0%BE%D0%B4%D0%BD%D0%BE%D0%B3%D0%BE-%D0%BD%D0%B0%D0%BB%D0%BE%D0%B3%D0%BE%D0%BE%D0%B1%D0%BB%D0%BE%D0%B6%D0%B5%D0%BD%D0%B8%D1%8F-at-kept-4451542268,"Менеджер, группа международного налогообложения",Kept,posted,2026-08-11T01:20:24.611542,830
a336d518b36fa713,https://ru.linkedin.com/jobs/view/%E6%80%BB%E7%BB%8F%E7%90%86-at-%E8%BF%AA%E7%91%9E%E5%8C%BB%E7%96%97%E7%A7%91%E6%8A%80%E8%82%A1%E4%BB%BD%E6%9C%89%E9%99%90%E5%85%AC%E5%8F%B8-4451378367,总经理,迪瑞医疗科技股份有限公司,failed|wp_post_failed,2026-08-11T01:20:28.820026,
2d78181a66765dfb,https://ru.linkedin.com/jobs/view/storm-damage-assessor-seasonal-at-qualus-4449817199,Storm Damage Assessor (Seasonal),Qualus,posted,2026-08-11T01:20:46.433179,832
3caa3d5bd4f5acdb,https://ru.linkedin.com/jobs/view/%D0%B7%D0%B0%D0%BC%D0%B5%D1%81%D1%82%D0%B8%D1%82%D0%B5%D0%BB%D1%8C-%D1%80%D1%83%D0%BA%D0%BE%D0%B2%D0%BE%D0%B4%D0%B8%D1%82%D0%B5%D0%BB%D1%8F-%D0%BF%D0%BE-%D0%BA%D0%B0%D1%87%D0%B5%D1%81%D1%82%D0%B2%D1%83-at-ontex-4450278092,Заместитель руководителя по качеству,,scraped,2026-08-11T01:20:53.317096,
1f3a47263e019187,https://ru.linkedin.com/jobs/view/senior-ai-engineer-centre-of-excellence-at-mufg-4450736968,Senior AI Engineer - Centre of Excellence,MUFG,posted,2026-08-11T01:21:09.068723,834
cbbc6a8c728949b5,https://ru.linkedin.com/jobs/view/food-drinks-waiter-waitress-at-hilton-4423015810,Food & Drinks Waiter/Waitress,Hilton,posted,2026-08-11T01:21:34.741142,836
4c6db98bc22cc9b3,https://ru.linkedin.com/jobs/view/italian-chef-de-cuisine-sicilian-specialty-cuisine-at-hilton-4423023086,Italian Chef de Cuisine (Sicilian Specialty Cuisine),Hilton,posted,2026-08-11T01:21:54.766245,838
cfa8974e006785aa,https://ru.linkedin.com/jobs/view/clinical-laboratory-scientist-i-at-baycare-health-system-4450296256,Clinical Laboratory Scientist I,BayCare Health System,posted,2026-08-11T01:22:04.764827,840
3f71f44b5da9d123,https://ru.linkedin.com/jobs/view/manager-nurse-at-baycare-health-system-4450647966,Manager Nurse,BayCare Health System,posted,2026-08-11T01:22:14.103847,842
63725c1b477ed319,https://ru.linkedin.com/jobs/view/content-activation-oce-orchestration-manager-at-novartis-4449239524,Content Activation & OCE Orchestration Manager,,scraped,2026-08-11T01:22:16.704261,
ad9ebf1f79c67342,https://ru.linkedin.com/jobs/view/surgical-technologist-certified-at-baycare-health-system-4451562944,Surgical Technologist Certified,BayCare Health System,posted,2026-08-11T01:22:29.393135,504
37eaed2a103914c5,https://ru.linkedin.com/jobs/view/analyst-supply-analytics-bangkok-based-relocation-provided-at-agoda-4451564062,"Analyst (Supply Analytics, Bangkok-based, Relocation provided)",Agoda,posted,2026-08-11T01:22:42.224333,844
8f52959be2f46d85,https://ru.linkedin.com/jobs/view/analyst-supply-analytics-bangkok-based-relocation-provided-at-agoda-4451547720,"Analyst (Supply Analytics, Bangkok-based, Relocation provided)",Agoda,posted,2026-08-11T01:22:49.552294,844
9317c76190c3da6f,https://ru.linkedin.com/jobs/view/business-analyst-supply-analytics-bangkok-based-relocation-provided-at-agoda-4451543986,"Business Analyst (Supply Analytics, Bangkok-based, Relocation provided)",Agoda,posted,2026-08-11T01:23:00.613309,846
1bde4d7110a92092,https://ru.linkedin.com/jobs/view/business-analyst-supply-analytics-bangkok-based-relocation-provided-at-agoda-4451545885,"Business Analyst (Supply Analytics, Bangkok-based, Relocation provided)",Agoda,posted,2026-08-11T01:23:08.418789,846
f3559095b75b12b3,https://ru.linkedin.com/jobs/view/data-scientist-senior-analyst-supply-analytics-bangkok-based-relocation-provided-at-agoda-4451552408,"Data Scientist/Senior Analyst (Supply Analytics, Bangkok-based, Relocation provided)",Agoda,posted,2026-08-11T01:23:24.656331,848
caccd40f83841cfb,https://ru.linkedin.com/jobs/view/purchasing-officer-at-hilton-4434713298,Purchasing Officer,Hilton,posted,2026-08-13T01:29:08.264727,850
f57ed957ca151cdb,https://ru.linkedin.com/jobs/view/%D1%81%D0%B0%D0%BD%D0%B8%D1%82%D0%B0%D1%80-%D0%BA%D0%B0-at-diaverum-4257570919,Санитар(ка),Diaverum,posted,2026-08-13T01:29:23.237869,852
64c1b3c19fbda981,https://ru.linkedin.com/jobs/view/scheduler-at-baycare-health-system-4453150331,Scheduler,BayCare Health System,posted,2026-08-13T01:29:37.020269,854
968e9fee12b911be,https://ru.linkedin.com/jobs/view/assistant-director-of-student-engagement-mccourt-school-of-public-policy-georgetown-university-at-georgetown-university-4450407293,"Assistant Director of Student Engagement, McCourt School of Public Policy - Georgetown University",Georgetown University,posted,2026-08-13T01:29:52.624805,856
b3bbecf3575cd789,https://ru.linkedin.com/jobs/view/finance-executive-at-baritechsol-4453057332,Finance Executive,BariTechSol,posted,2026-08-13T01:30:18.271707,858
77301c67a6c4fc3d,https://ru.linkedin.com/jobs/view/account-manager-at-novartis-4451497902,Account Manager,,scraped,2026-08-13T01:30:24.636680,
c4190f069a596c3a,https://ru.linkedin.com/jobs/view/qusar-filial%C4%B1n%C4%B1n-m%C3%BC%C5%9Ft%C9%99ril%C9%99rl%C9%99-i%CC%87%C5%9F-%C3%BCzr%C9%99-ki%C3%A7ik-m%C3%BCt%C9%99x%C9%99ssisi-at-life-at-bir-4451674797,Qusar Filialının Müştərilərlə İş üzrə Kiçik Mütəxəssisi,,scraped,2026-08-13T01:30:31.283053,
ac67946d14af63cd,https://ru.linkedin.com/jobs/view/technical-advisor-patisserie-voronezh-at-puratos-4450163803,Technical Advisor Patisserie (Voronezh),,scraped,2026-08-13T01:30:38.100321,
05e4893710965dfb,https://ru.linkedin.com/jobs/view/enterprise-account-executive-eu-at-sprinto-4452703624,Enterprise Account Executive - EU,Sprinto,posted,2026-08-13T01:30:52.217958,860
dc418451a31d5c85,https://ru.linkedin.com/jobs/view/patient-representative-clinics-full-time-days-at-cape-fear-valley-health-4449767642,Patient Representative - Clinics-Full Time-Days,Cape Fear Valley Health,posted,2026-08-13T01:31:03.268324,862
9285d6231f85335f,https://ru.linkedin.com/jobs/view/%D0%B0%D0%B3%D1%80%D0%BE%D0%BD%D0%BE%D0%BC-%D0%BF%D0%BE-%D0%BF%D1%80%D0%BE%D0%B8%D0%B7%D0%B2%D0%BE%D0%B4%D1%81%D1%82%D0%B2%D1%83-%D1%80%D0%BE%D0%B4%D0%B8%D1%82%D0%B5%D0%BB%D1%8C%D1%81%D0%BA%D0%B8%D1%85-%D1%84%D0%BE%D1%80%D0%BC-%D0%B3%D0%B8%D0%B1%D1%80%D0%B8%D0%B4%D0%BE%D0%B2-%D0%BA%D1%83%D0%BA%D1%83%D1%80%D1%83%D0%B7%D1%8B-at-syngenta-4452447498,Агроном по производству родительских форм гибридов кукурузы,,scraped,2026-08-13T01:31:05.649402,
f3be69cc3460034d,https://ru.linkedin.com/jobs/view/project-management-specialist-languages-team-at-agoda-4451357172,"Project Management Specialist, Languages Team",Agoda,posted,2026-08-13T01:32:30.619115,864
71fa6b7a25e7cf68,https://ru.linkedin.com/jobs/view/orthodontic-regional-operations-manager-rock-dental-brands-at-rock-dental-brands-4450586995,Orthodontic Regional Operations Manager - Rock Dental Brands,Rock Dental Brands,posted,2026-08-13T01:32:42.764296,866
7016ac9234c69db0,https://ru.linkedin.com/jobs/view/%D1%80%D1%83%D0%BA%D0%BE%D0%B2%D0%BE%D0%B4%D0%B8%D1%82%D0%B5%D0%BB%D1%8C-%D0%BE%D1%82%D0%B4%D0%B5%D0%BB%D0%B0-%D0%BF%D0%BE-%D1%86%D0%B8%D1%84%D1%80%D0%BE%D0%B2%D0%BE%D0%B9-%D0%B8-%D0%BE%D0%BF%D0%B5%D1%80%D0%B0%D1%86%D0%B8%D0%BE%D0%BD%D0%BD%D0%BE%D0%B9-%D1%8D%D1%84%D1%84%D0%B5%D0%BA%D1%82%D0%B8%D0%B2%D0%BD%D0%BE%D1%81%D1%82%D0%B8-at-itle-kitchen-group-4452400878,Руководитель отдела по цифровой и операционной эффективности,,scraped,2026-08-13T01:32:45.424323,
f877885088c63405,https://ru.linkedin.com/jobs/view/%D1%81%D0%BE%D1%82%D1%80%D1%83%D0%B4%D0%BD%D0%B8%D1%87%D0%B5%D1%81%D1%82%D0%B2%D0%BE-%D0%B2-%D0%BF%D0%BE%D0%B8%D1%81%D0%BA%D0%B5-%D0%BD%D0%BE%D0%B2%D0%BE%D0%B9-%D1%80%D0%BE%D0%BB%D0%B8-4453109142,Сотрудничество в поиске новой роли,Подходящая,failed|wp_post_failed,2026-08-13T01:32:53.996065,
a6f00608257b62e4,https://ru.linkedin.com/jobs/view/logistics-lead-at-yandex-delivery-4451104774,Logistics Lead,,scraped,2026-08-13T01:32:56.481251,
d315c285eb37a292,https://ru.linkedin.com/jobs/view/%D0%BC%D0%B5%D0%BD%D0%B5%D0%B4%D0%B6%D0%B5%D1%80-%D0%BF%D0%BE-%D0%BF%D1%80%D0%BE%D0%B4%D0%B0%D0%B6%D0%B0%D0%BC-b2b-%D1%81%D1%83%D0%BC%D0%BA%D0%B8-%D0%BE%D0%B1%D1%83%D0%B2%D1%8C-%D0%BE%D0%B4%D0%B5%D0%B6%D0%B4%D0%B0-4450163735,"Менеджер по продажам B2B (сумки, обувь, одежда)",Веселов,posted,2026-08-13T01:33:05.651335,800
55ff875bc988fcaa,https://ru.linkedin.com/jobs/view/accountant-at-sme-careers-4425619731,Accountant,SME Careers,posted,2026-08-13T01:33:14.548290,640
095ee668668b9841,https://ru.linkedin.com/jobs/view/mobile-developer-kmp-cmp-russian-speaking-startup-at-emtalk-4451346494,"Mobile Developer (KMP / CMP, Russian-speaking, Startup)",,scraped,2026-08-13T01:33:19.163510,
fd6db08152630dd1,https://ru.linkedin.com/jobs/view/%D1%8D%D0%BA%D1%81%D0%BF%D0%B5%D1%80%D1%82-%D1%83%D1%80%D0%BE%D0%B2%D0%BD%D1%8F-senior-principal-team-lead-%D0%BF%D0%BE-ds-ml-ai-at-moscow-institute-of-physics-and-technology-state-university-mipt-4449545504,Эксперт уровня Senior/Principal/Team Lead по DS/ML/AI,Московский Физико-Технический Институт (Государственный Университет) (МФТИ),posted,2026-08-13T01:33:34.807397,868
4ae2d467fac28bc5,https://ru.linkedin.com/jobs/view/%D0%BC%D0%B5%D0%BD%D0%B5%D0%B4%D0%B6%D0%B5%D1%80-%D0%BF%D0%BE-%D0%BF%D1%80%D0%BE%D0%B4%D0%B0%D0%B6%D0%B0%D0%BC-%D0%B8-%D1%80%D0%B0%D0%B7%D0%B2%D0%B8%D1%82%D0%B8%D1%8E-%D0%B1%D0%B8%D0%B7%D0%BD%D0%B5%D1%81%D0%B0-at-%D0%B0%D0%BA%D1%81%D0%B8%D0%BC%D0%B0-%D0%BA%D0%BE%D0%BD%D1%81%D1%83%D0%BB%D1%8C%D1%82%D0%B8%D1%80%D0%BE%D0%B2%D0%B0%D0%BD%D0%B8%D0%B5-%D0%B8%D1%81%D1%81%D0%BB%D0%B5%D0%B4%D0%BE%D0%B2%D0%B0%D0%BD%D0%B8%D1%8F-%D1%82%D1%80%D0%B5%D0%BD%D0%B8%D0%BD%D0%B3%D0%B8-%E2%80%8B-4450141931,Менеджер по продажам и развитию бизнеса,,scraped,2026-08-13T01:33:39.416798,
420ecee029e0f493,https://ru.linkedin.com/jobs/view/sales-and-lead-generation-executive-at-component-city-4450155070,Sales And Lead Generation Executive,Component City,posted,2026-08-13T01:33:54.477208,870
a2d16b4a510e2d93,https://ru.linkedin.com/jobs/view/senior-ruby-developer-fintech-payments-at-aurospace-holding-4451668780,Senior Ruby Developer (FinTech / Payments),,scraped,2026-08-13T01:33:57.047360,
3d4b4a7491797569,https://ru.linkedin.com/jobs/view/video-editor-advanced-at-sunco-com-4449827237,Video Editor - Advanced,Sunco.com,posted,2026-08-13T01:34:11.702726,872
fb7085a80c745e0e,https://ru.linkedin.com/jobs/view/senior-qa-engineer-relocation-to-cyprus-at-fxpro-4453076428,Senior QA Engineer (Relocation to Cyprus),FxPro,posted,2026-08-13T01:34:23.441881,874
093d3be30978d0e9,https://ru.linkedin.com/jobs/view/russia-senior-brand-marketing-manager-at-zepp-health-4451633708,Russia Senior Brand Marketing Manager,Zepp Health,posted,2026-08-13T01:34:33.528134,876
9a3effbaf1eb4f63,https://ru.linkedin.com/jobs/view/data-analyst-data-scientist-banking-fintech-anti-fraud-at-aurospace-holding-4451669957,Data Analyst / Data Scientist | Banking / FinTech / Anti-Fraud,,scraped,2026-08-13T01:34:36.241912,
8500c4816136e6fa,https://ru.linkedin.com/jobs/view/%D1%8E%D1%80%D0%B8%D1%81%D1%82-%D0%B2-%D0%BF%D1%80%D0%B0%D0%BA%D1%82%D0%B8%D0%BA%D1%83-%D0%BC%D0%B5%D0%B6%D0%B4%D1%83%D0%BD%D0%B0%D1%80%D0%BE%D0%B4%D0%BD%D0%BE%D0%B3%D0%BE-%D0%BA%D0%BE%D0%BC%D0%BC%D0%B5%D1%80%D1%87%D0%B5%D1%81%D0%BA%D0%BE%D0%B3%D0%BE-%D0%B0%D1%80%D0%B1%D0%B8%D1%82%D1%80%D0%B0%D0%B6%D0%B0-at-asari-legal-4450150659,Юрист в практику международного коммерческого арбитража,,scraped,2026-08-13T01:34:45.543066,
f5c6a282e53e2236,https://ru.linkedin.com/jobs/view/senior-lecturer-teaching-research-reproductive-endocrinology-infertility-at-unsw-4451646283,"Senior Lecturer, Teaching & Research (Reproductive Endocrinology & Infertility)",UNSW,posted,2026-08-13T01:35:00.560866,878
05cc53e35cb7b3a9,https://ru.linkedin.com/jobs/view/senior-ruby-developer-ruby-go-at-tradequo-global-4453069843,Senior Ruby Developer (Ruby & Go),,scraped,2026-08-13T01:35:03.150042,
7bcf16db612e8edb,https://ru.linkedin.com/jobs/view/spa-receptionist-at-hilton-4423006887,Spa Receptionist,Hilton,posted,2026-08-13T01:35:23.045055,880
de88132c6d167bec,https://ru.linkedin.com/jobs/view/patient-access-svcs-rep-iii-at-baycare-health-system-4451461444,Patient Access Svcs Rep III,BayCare Health System,posted,2026-08-13T01:35:35.190263,882
c0a85db015e2460c,https://ru.linkedin.com/jobs/view/image-collection-specialist-russian-at-rws-4451866461,Image Collection Specialist - Russian,,scraped,2026-08-13T01:35:43.744366,
aaf48e6e879047ca,https://ru.linkedin.com/jobs/view/image-collection-specialist-russian-at-rws-4451866250,Image Collection Specialist - Russian,,scraped,2026-08-13T01:35:50.204177,
c4648f918c4dc6fc,https://ru.linkedin.com/jobs/view/image-collection-specialist-russian-at-rws-4451868312,Image Collection Specialist - Russian,,scraped,2026-08-13T01:35:56.526542,
183f6e9d80a6fc57,https://ru.linkedin.com/jobs/view/image-collection-specialist-russian-at-rws-4451849961,Image Collection Specialist - Russian,,scraped,2026-08-13T01:36:02.945270,
143811e00f6e604e,https://ru.linkedin.com/jobs/view/image-collection-specialist-russian-at-rws-4451862238,Image Collection Specialist - Russian,,scraped,2026-08-13T01:36:09.188363,
dec4de52a56c5adb,https://ru.linkedin.com/jobs/view/assistant-nurse-manager-behavioral-health-at-baycare-health-system-4443700003,Assistant Nurse Manager - Behavioral Health,BayCare Health System,posted,2026-08-13T01:36:22.697991,884
5584eb1b5b771eb8,https://ru.linkedin.com/jobs/view/image-collection-specialist-russian-at-rws-4450780397,Image Collection Specialist - Russian,,scraped,2026-08-13T01:36:27.328244,
cb115947ab8d2e18,https://ru.linkedin.com/jobs/view/manager-nurse-surgical-unit-inpatient-at-baycare-health-system-4450647966,Manager Nurse - Surgical Unit Inpatient,BayCare Health System,posted,2026-08-13T01:36:40.902563,886
eaca12ff9ecbe482,https://ru.linkedin.com/jobs/view/%D1%81%D0%BF%D0%B5%D1%86%D0%B8%D0%B0%D0%BB%D0%B8%D1%81%D1%82-%D0%BF%D0%BE-%D0%BF%D1%80%D0%B8%D0%BC%D0%B5%D0%BD%D0%B5%D0%BD%D0%B8%D1%8E-%D1%81%D1%80%D0%B5%D0%B4%D1%81%D1%82%D0%B2-%D0%B7%D0%B0%D1%89%D0%B8%D1%82%D1%8B-%D1%81%D0%B5%D0%BC%D1%8F%D0%BD-at-syngenta-4453336289,Специалист по применению средств защиты семян,,scraped,2026-08-13T01:36:43.356986,
03d8b286022d53c7,https://ru.linkedin.com/jobs/view/sales-executive-at-ghananuts-company-limited-4454008443,Sales Executive,Ghananuts Company Limited,posted,2026-08-15T00:58:25.279441,888
76e4759c2e79e62e,https://ru.linkedin.com/jobs/view/dispenser-at-boots-uk-4454060902,Dispenser,Boots UK,posted,2026-08-15T00:59:12.613885,890
b785d7a8a98e3e10,https://ru.linkedin.com/jobs/view/employee-relations-advisor-at-pharmerica-4453592363,Employee Relations Advisor,PharMerica,posted,2026-08-15T00:59:23.568222,892
b7b67b084bf6a685,https://ru.linkedin.com/jobs/view/lounge-agent-moscow-at-emirates-4451266191,Lounge Agent - Moscow,Emirates,posted,2026-08-15T00:59:38.865124,894
244591b88d7a3343,https://ru.linkedin.com/jobs/view/electrician-at-united-infrastructure-ltd-4451182968,Electrician,United Infrastructure Ltd,posted,2026-08-15T00:59:49.444769,736
b2a84b12993bd343,https://ru.linkedin.com/jobs/view/marketing-manager-4452722407,Marketing Manager,paradise zone,posted,2026-08-15T00:59:55.289290,246
46aec644cd530f9e,https://ru.linkedin.com/jobs/view/%D0%B2%D0%B0%D0%BB%D1%8E%D1%82%D0%BD%D1%8B%D0%B9-%D1%82%D1%80%D0%B5%D0%B9%D0%B4%D0%B5%D1%80-4409924486,Валютный трейдер,"Компания ""А7""",failed|wp_post_failed,2026-08-15T00:59:58.818491,
af4377f7d030eae3,https://ru.linkedin.com/jobs/view/engineering-group-manager-material-automation-deployment-at-general-motors-4454055441,Engineering Group Manager - Material Automation Deployment,General Motors,posted,2026-08-15T01:00:08.284474,896
926eef1cc8f5bf57,https://ru.linkedin.com/jobs/view/special-education-teacher-at-learning-hands-rehabilitation-centre-4449245636,Special Education Teacher,,scraped,2026-08-15T01:00:10.692122,
6e72ee5a55d4ff33,https://ru.linkedin.com/jobs/view/investment-broker-at-devere-group-4454361634,Investment Broker,deVere Group,posted,2026-08-15T01:00:34.487768,898
fb842737bd924143,https://ru.linkedin.com/jobs/view/devops-engineer-at-geonode-4452390323,DevOps Engineer,,scraped,2026-08-15T01:00:39.112070,
fef85f0849280c1a,https://ru.linkedin.com/jobs/view/%D0%B4%D0%B5%D0%BB%D0%BE%D0%BF%D1%80%D0%BE%D0%B8%D0%B7%D0%B2%D0%BE%D0%B4%D0%B8%D1%82%D0%B5%D0%BB%D1%8C-%D1%81-%D1%84%D1%83%D0%BD%D0%BA%D1%86%D0%B8%D0%B5%D0%B9-%D1%82%D0%B5%D1%85%D0%BD%D0%B8%D1%87%D0%B5%D1%81%D0%BA%D0%BE%D0%B3%D0%BE-%D0%BF%D0%B8%D1%81%D0%B0%D1%82%D0%B5%D0%BB%D1%8F-4448826636,Делопроизводитель с функцией технического писателя,Grishakov S.Y.,failed|wp_post_failed,2026-08-15T01:00:48.726661,
6927ba8e5ebc636b,https://ru.linkedin.com/jobs/view/medical-scientist-saint-peterburg-at-gilead-sciences-4442099289,"Medical Scientist, Saint-Peterburg",Gilead Sciences,posted,2026-08-15T01:00:57.607232,900
3c8e254119a88038,https://ru.linkedin.com/jobs/view/card-it-manager-at-tradequo-global-4453695195,Card IT Manager,,scraped,2026-08-15T01:01:00.181148,
27acb3a32aa443f7,https://ru.linkedin.com/jobs/view/counter-manager-meadowhall-at-benefit-cosmetics-4452461707,Counter Manager - Meadowhall,Benefit Cosmetics,posted,2026-08-15T01:01:12.380307,902
df6887b2ca5077a9,https://ru.linkedin.com/jobs/view/%D0%BD%D0%B0%D1%87%D0%B0%D0%BB%D1%8C%D0%BD%D0%B8%D0%BA-%D1%83%D0%BF%D1%80%D0%B0%D0%B2%D0%BB%D0%B5%D0%BD%D0%B8%D1%8F-%D1%83%D0%BF%D1%80%D0%B0%D0%B2%D0%BB%D0%B5%D0%BD%D0%B8%D0%B5-%D1%80%D0%B0%D0%B7%D0%B2%D0%B8%D1%82%D0%B8%D1%8F-%D0%BF%D0%BE%D1%82%D0%BE%D0%BA%D0%BE%D0%B2%D1%8B%D1%85-%D0%BF%D1%80%D0%BE%D0%B4%D1%83%D0%BA%D1%82%D0%BE%D0%B2-%D0%B8-%D0%BF%D1%80%D0%BE%D1%86%D0%B5%D1%81%D1%81%D0%BE%D0%B2-%D1%84%D0%B0%D0%BA%D1%82%D0%BE%D1%80%D0%B8%D0%BD%D0%B3%D0%B0-%D0%B0%D0%BB%D1%8C%D1%84%D0%B0-%D0%B1%D0%B0%D0%BD%D0%BA-at-alfa-bank-4451207407,"Начальник управления (Управление развития потоковых продуктов и процессов факторинга), Альфа-Банк",Alfa-Bank,posted,2026-08-15T01:01:23.548737,904
2baea3912f2737b6,https://ru.linkedin.com/jobs/view/java-developer-at-brmi-4454318163,JAVA Developer,BRMi,posted,2026-08-15T01:01:35.552123,906
c7ecfb1fac088a3c,https://ru.linkedin.com/jobs/view/human-ai-interaction-ux-expert-ai-community-at-telus-digital-ai-data-solutions-4454011773,Human-AI Interaction & UX Expert (AI Community),TELUS Digital AI Data Solutions,posted,2026-08-15T01:01:42.762129,908
3991039c48c9525c,https://ru.linkedin.com/jobs/view/regional-sales-manager-raw-chemical-at-hrwork-4450850277,Regional Sales Manager (Raw Chemical),,scraped,2026-08-15T01:01:45.336368,
3c2b4aa43c8594bd,https://ru.linkedin.com/jobs/view/overseas-sales-manager-at-zhejiang-new-debao-machinery-co-ltd-4453619453,Overseas Sales Manager,,scraped,2026-08-15T01:01:52.772317,
2695e314634abcae,https://ru.linkedin.com/jobs/view/technical-systems-ai-lead-engineer-zoho-full-stack-and-ai-development-at-masterminds-vip-micro-school-4450143516,"Technical Systems & AI Lead Engineer (Zoho, Full-stack and AI Development)",,scraped,2026-08-15T01:02:00.768736,
ab2784fbca172430,https://ru.linkedin.com/jobs/view/russian-translator-remote-position-at-datavio-ai-4454597203,Russian Translator | Remote Position,Datavio.ai,posted,2026-08-15T01:02:12.000367,910
9aa6a802e39930da,https://ru.linkedin.com/jobs/view/%D0%BC%D0%B5%D0%BD%D0%B5%D0%B4%D0%B6%D0%B5%D1%80-%D0%BF%D0%BE-%D0%BF%D1%80%D0%BE%D0%B4%D0%B0%D0%B6%D0%B0%D0%BC-at-embedika-4454530862,Менеджер по продажам,,scraped,2026-08-15T01:02:14.586909,
f6952e92b535bc28,https://ru.linkedin.com/jobs/view/advisor-to-vice-president-and-chief-operating-officer-at-new-development-bank-ndb-4450461388,Advisor to Vice President and Chief Operating Officer,,scraped,2026-08-15T01:02:22.079812,
63790c2e9c253873,https://ru.linkedin.com/jobs/view/head-of-school-school-of-law-society-criminology-at-unsw-4450122247,"Head of School - School of Law, Society & Criminology",UNSW,posted,2026-08-15T01:02:41.677498,912
bbf04ce298238fae,https://ru.linkedin.com/jobs/view/senior-operations-manager-at-takeda-4439293608,Senior Operations Manager,,scraped,2026-08-15T01:02:44.308357,
8430927ad09acc83,https://ru.linkedin.com/jobs/view/senior-php-developer-relocation-to-cyprus-at-fxpro-4454075156,Senior PHP Developer (Relocation to Cyprus),FxPro,posted,2026-08-15T01:02:58.380549,80
1c46b9fd5624fc5c,https://ru.linkedin.com/jobs/view/ai-first-engineering-intern-at-xsolla-4440126713,AI-First Engineering Intern,Xsolla,posted,2026-08-15T01:03:12.680283,914
8fcc4a0151a09f02,https://ru.linkedin.com/jobs/view/patient-care-technician-nights-st-petersburg-at-baycare-health-system-4453385731,Patient Care Technician - Nights - St. Petersburg,BayCare Health System,posted,2026-08-15T01:03:28.521347,916
447b77fb774487d1,https://ru.linkedin.com/jobs/view/coordinator-at-novartis-4450476029,Coordinator,,scraped,2026-08-15T01:03:31.094912,
2566e13ee51645f2,https://ru.linkedin.com/jobs/view/senior-coordinator-at-novartis-4452322410,Senior Coordinator,,scraped,2026-08-15T01:03:37.501294,
d28e88151c0469c9,https://ru.linkedin.com/jobs/view/image-collection-specialist-russian-at-rws-4451872227,Image Collection Specialist - Russian,,scraped,2026-08-15T01:03:45.788836,
5101fc703f3c282c,https://ru.linkedin.com/jobs/view/registered-dietitian-i-at-baycare-health-system-4451971145,Registered Dietitian I,BayCare Health System,posted,2026-08-15T01:03:58.826282,918
0ce2afe3e2e41c6f,https://ru.linkedin.com/jobs/view/image-collection-specialist-russian-at-rws-4451862469,Image Collection Specialist - Russian,,scraped,2026-08-15T01:04:01.452966,
dd96ac1709b49447,https://ru.linkedin.com/jobs/view/%D1%80%D0%B0%D0%B1%D0%BE%D1%82%D0%B0-%D1%81-%D0%BA%D0%BB%D0%B8%D0%B5%D0%BD%D1%82%D0%B0%D0%BC%D0%B8-4455210163,Работа с клиентами,Eagle Asset Management,failed|wp_post_failed,2026-08-17T00:59:19.796851,
efc0a92c945e8cfd,https://ru.linkedin.com/jobs/view/e-book-upsales-closer-at-vanguard-studios-4451278477,E-Book Upsales Closer,Vanguard Studios,posted,2026-08-17T00:59:39.950627,920
3feb238018f4a703,https://ru.linkedin.com/jobs/view/drama-rough-cut-editor-4451747330,Drama Rough Cut Editor,Geo Television Networks,posted,2026-08-17T00:59:50.321784,922
c57b1c7165c88c91,https://ru.linkedin.com/jobs/view/software-engineer-at-aios-%E2%80%94-remote-%E2%82%AC40k-%E2%82%AC80k-yr-%2B-equity-at-aios-4454845815,"Software Engineer at AIOS — Remote, €40k-€80k /yr + equity",AIOS,posted,2026-08-17T01:00:06.215011,924
6b3831b2ed67ee55,https://ru.linkedin.com/jobs/view/refferral-sales-manager-at-green-line-properties-4451768956,Refferral sales manager,Green Line Properties,posted,2026-08-17T01:00:18.457048,926
756b50250c4f4e5c,https://ru.linkedin.com/jobs/view/hotel-kitchen-team-member-at-whitbread-4454568010,Hotel Kitchen - Team Member,,scraped,2026-08-17T01:00:53.024069,
09120ff08529a473,https://ru.linkedin.com/jobs/view/temporary-qualitative-research-associate-evidence-for-justice-lab-mccourt-school-of-public-policy-georgetown-university-at-georgetown-university-4450853131,"Temporary Qualitative Research Associate, Evidence for Justice Lab - McCourt School of Public Policy - Georgetown University",Georgetown University,posted,2026-08-17T01:01:11.570356,928
f22ad60ce8fb97f7,https://ru.linkedin.com/jobs/view/staff-data-engineer-%E2%80%93-display-marketing-bidding-systems-team-bangkok-based-relocation-provided-at-agoda-4444449877,"Staff Data Engineer – Display Marketing / Bidding Systems Team (Bangkok based, relocation provided)",Agoda,posted,2026-08-17T01:01:32.431719,930
89de607bf751bbbf,https://ru.linkedin.com/jobs/view/staff-data-engineer-%E2%80%93-display-marketing-bidding-systems-team-bangkok-based-relocation-provided-at-agoda-4444466223,"Staff Data Engineer – Display Marketing / Bidding Systems Team (Bangkok based, relocation provided)",Agoda,posted,2026-08-17T01:01:47.793295,932
b0991668f3072d46,https://ru.linkedin.com/jobs/view/chief-financial-officer-at-digital-finance-international-4451201948,Chief Financial Officer,Digital Finance International,posted,2026-08-17T01:01:57.954459,710
28ff5392d47682c2,https://ru.linkedin.com/jobs/view/principle-c%2B%2B-engineer-at-solas-it-recruitment-4454392480,Principle C++ Engineer,,scraped,2026-08-17T01:02:00.649779,
54dcf61d4d3b26f6,https://ru.linkedin.com/jobs/view/%D0%BC%D0%B5%D0%BD%D0%B5%D0%B4%D0%B6%D0%B5%D1%80-%D0%BF%D0%BE-%D0%BC%D0%B0%D1%80%D0%BA%D0%B5%D1%82%D0%B8%D0%BD%D0%B3%D0%BE%D0%B2%D1%8B%D0%BC-%D0%BA%D0%BE%D0%BC%D0%BC%D1%83%D0%BD%D0%B8%D0%BA%D0%B0%D1%86%D0%B8%D1%8F%D0%BC-at-syngenta-4454512348,Менеджер по маркетинговым коммуникациям,,scraped,2026-08-17T01:02:17.497385,
fa9ab3a88c3f7c19,https://ru.linkedin.com/jobs/view/or-care-technician-i-at-baycare-health-system-4451462534,OR Care Technician I,BayCare Health System,posted,2026-08-17T01:02:31.069938,934
eaa4e3406b1ee3cc,https://ru.linkedin.com/jobs/view/food-services-representative-at-baycare-health-system-4454807532,Food Services Representative,BayCare Health System,posted,2026-08-17T01:02:42.893635,936
17e7f0de528a4fe3,https://ru.linkedin.com/jobs/view/%D1%81%D0%BF%D0%B5%D1%86%D0%B8%D0%B0%D0%BB%D0%B8%D1%81%D1%82-%D0%BF%D0%BE-%D0%BF%D1%80%D0%B8%D0%BC%D0%B5%D0%BD%D0%B5%D0%BD%D0%B8%D1%8E-%D1%81%D1%80%D0%B5%D0%B4%D1%81%D1%82%D0%B2-%D0%B7%D0%B0%D1%89%D0%B8%D1%82%D1%8B-%D1%81%D0%B5%D0%BC%D1%8F%D0%BD-at-syngenta-4453689990,Специалист по применению средств защиты семян,,scraped,2026-08-17T01:02:45.268743,
836cbb20bcaa4e1a,https://ru.linkedin.com/jobs/view/registered-nurse-med-surg-cardiac-days-at-baycare-health-system-4454565288,Registered Nurse - Med/Surg Cardiac - Days,BayCare Health System,posted,2026-08-17T01:02:53.917972,142
62d74c95d9557cf5,https://ru.linkedin.com/jobs/view/senior-staff-data-engineer-bidding-bangkok-based-relocation-provided-at-agoda-4310142848,"Senior/Staff Data Engineer - Bidding (Bangkok based, relocation provided)",Agoda,posted,2026-08-17T01:03:07.734147,938
8286328ae1b7a222,https://ru.linkedin.com/jobs/view/senior-staff-data-engineer-bidding-bangkok-based-relocation-provided-at-agoda-4310149830,"Senior/Staff Data Engineer - Bidding (Bangkok based, relocation provided)",Agoda,posted,2026-08-17T01:03:15.499141,938
ca513b4b2ff040a1,https://ru.linkedin.com/jobs/view/environmental-services-technician-at-baycare-health-system-4454073125,Environmental Services Technician,BayCare Health System,posted,2026-08-17T01:03:20.289440,48
49e588f01b1e13cb,https://ru.linkedin.com/jobs/view/data-scientist-senior-analyst-supply-analytics-bangkok-based-relocation-provided-at-agoda-4451552395,"Data Scientist/Senior Analyst (Supply Analytics, Bangkok-based, Relocation provided)",Agoda,posted,2026-08-17T01:03:38.121142,940
b4f43239dafe25e8,https://ru.linkedin.com/jobs/view/massage-therapist-fitness-center-at-baycare-health-system-4451453506,Massage Therapist Fitness Center,BayCare Health System,posted,2026-08-17T01:03:48.662473,942
7979a6c03a988b60,https://ru.linkedin.com/jobs/view/senior-software-engineer-go-developer-at-tradequo-global-4453035838,Senior Software Engineer (Go Developer),,scraped,2026-08-17T01:03:51.394281,
f2916e76d3e8d2c8,https://ru.linkedin.com/jobs/view/engineering-group-manager-material-automation-deployment-at-general-motors-4454061388,Engineering Group Manager - Material Automation Deployment,General Motors,posted,2026-08-17T01:04:00.114654,896
a7a821abca563526,https://ru.linkedin.com/jobs/view/or-care-technician-i-at-baycare-health-system-4455545067,OR Care Technician I,BayCare Health System,posted,2026-08-19T00:58:15.038549,934
00185f79aac0dbf0,https://ru.linkedin.com/jobs/view/amazon-ppc-manager-at-nestue-4452814454,Amazon Ppc Manager,,scraped,2026-08-19T00:58:19.485999,
2e7041d4e6a95813,https://ru.linkedin.com/jobs/view/production-operator-i-at-iff-4455964190,Production Operator I,IFF,posted,2026-08-19T00:58:33.920300,696
b4e2ce74f1a110aa,https://ru.linkedin.com/jobs/view/sales-executive-at-build-consulting-global-www-bcg-by-la-com-france-alg%C3%A9rie-4451270601,Sales Executive,Build Consulting Global (www.bcg-by-la.com) France / Algérie,posted,2026-08-19T00:58:42.753216,888
887da8ac225b930a,https://ru.linkedin.com/jobs/view/automation-engineer-kahramankazan-ankara-at-dentsply-sirona-4454785616,Automation Engineer - Kahramankazan (Ankara),Dentsply Sirona,posted,2026-08-19T00:59:09.404533,944
1a6b66bd4a404c72,https://ru.linkedin.com/jobs/view/ausbildung-zum-verk%C3%A4ufer-m-w-d-einzelhandelskaufmann-m-w-d-%E2%80%93-2027-at-dirk-rossmann-gmbh-4455216981,Ausbildung zum Verkäufer (m/w/d) / Einzelhandelskaufmann (m/w/d) – 2027,,scraped,2026-08-19T00:59:11.787763,
0ffa1b007240e18c,https://ru.linkedin.com/jobs/view/%D0%B0%D0%BD%D0%B0%D0%BB%D0%B8%D1%82%D0%B8%D0%BA-1%D1%81-%D0%B7%D0%BA%D0%B3%D1%83-at-5-55-4291890028,аналитик 1с ЗКГУ,,scraped,2026-08-19T00:59:18.891949,
d4b9ab9f3539a590,https://ru.linkedin.com/jobs/view/%D0%B0%D1%81%D0%BF%D0%B8%D1%80%D0%B0%D0%BD%D1%82-%D0%BC%D0%BB%D0%B0%D0%B4%D1%88%D0%B8%D0%B9-%D0%BD%D0%B0%D1%83%D1%87%D0%BD%D1%8B%D0%B9-%D1%81%D0%BE%D1%82%D1%80%D1%83%D0%B4%D0%BD%D0%B8%D0%BA-4452219017,"Аспирант, младший научный сотрудник","Institute of Europe, Russian Academy of Sciences",posted,2026-08-19T00:59:41.174659,946
d78554301269599a,https://ru.linkedin.com/jobs/view/it-support-engineer-at-xsolla-4452238907,IT Support Engineer,Xsolla,posted,2026-08-19T00:59:51.304580,948
28397144b556f07e,https://ru.linkedin.com/jobs/view/%D1%80%D1%83%D0%BA%D0%BE%D0%B2%D0%BE%D0%B4%D0%B8%D1%82%D0%B5%D0%BB%D1%8C-%D1%82%D0%B5%D1%85%D0%BD%D0%B8%D1%87%D0%B5%D1%81%D0%BA%D0%BE%D0%B3%D0%BE-%D0%BE%D1%82%D0%B4%D0%B5%D0%BB%D0%B0-at-%D1%85%D0%B8%D0%BC%D1%81%D1%82%D0%B0%D0%BB%D1%8C%D0%BA%D0%BE%D0%BD-%D0%B8%D0%BD%D0%B6%D0%B8%D0%BD%D0%B8%D1%80%D0%B8%D0%BD%D0%B3-4398003327,Руководитель технического отдела,Химсталькон-Инжиниринг,failed|wp_post_failed,2026-08-19T01:01:09.895931,
7549379cd788e901,https://ru.linkedin.com/jobs/view/anti-money-laundering-investigator-at-asprofin-bank-corporation-4454217996,Anti-Money Laundering Investigator,,scraped,2026-08-19T01:01:12.522676,
4686299100488c69,https://ru.linkedin.com/jobs/view/sales-manager-at-bgi-genomics-4454251175,Sales Manager,,scraped,2026-08-19T01:01:23.870270,
c4ea282f918704da,https://ru.linkedin.com/jobs/view/russian-transcription-reviewer-remote-position-at-ai-data-innovations-4454597203,Russian Transcription Reviewer | Remote Position,AI Data Innovations,posted,2026-08-19T01:01:36.688258,950
9664087c4574258b,https://ru.linkedin.com/jobs/view/relationship-manager-at-asprofin-bank-corporation-4452344467,Relationship Manager,,scraped,2026-08-19T01:01:39.350277,
21a8b1028aed250e,https://ru.linkedin.com/jobs/view/%D0%BC%D0%B5%D0%B4%D0%B8%D1%86%D0%B8%D0%BD%D1%81%D0%BA%D0%B8%D0%B9-%D0%BF%D1%80%D0%B5%D0%B4%D1%81%D1%82%D0%B0%D0%B2%D0%B8%D1%82%D0%B5%D0%BB%D1%8C-pharmacy-line-%D0%B3-%D0%BC%D0%BE%D1%81%D0%BA%D0%B2%D0%B0-%D1%8E%D0%B0%D0%BE-%D0%BF%D0%BE%D0%B4%D0%BE%D0%BB%D1%8C%D1%81%D0%BA-%D1%87%D0%B5%D1%85%D0%BE%D0%B2-at-sandoz-4455383584,"Медицинский представитель (Pharmacy Line), г. Москва, ЮАО, Подольск, Чехов",,scraped,2026-08-19T01:01:46.363805,
1901010c46d2ebf7,https://ru.linkedin.com/jobs/view/carbon-sequestration-director-at-eigencarbon-4454243295,Carbon Sequestration Director,,scraped,2026-08-19T01:01:52.943316,
4acbb6d0e613683f,https://ru.linkedin.com/jobs/view/%D1%80%D1%83%D0%BA%D0%BE%D0%B2%D0%BE%D0%B4%D0%B8%D1%82%D0%B5%D0%BB%D1%8C-%D0%BF%D1%80%D0%BE%D0%B5%D0%BA%D1%82%D0%B0-at-embedika-4399012987,Руководитель проекта,,scraped,2026-08-19T01:01:59.374045,
4bfe81bf52c5defd,https://ru.linkedin.com/jobs/view/lecturer-or-senior-lecturer-mathematics-statistics-at-unsw-4450450673,Lecturer or Senior Lecturer - Mathematics & Statistics,UNSW,posted,2026-08-19T01:02:15.852259,952
5b928d5aed4f03bd,https://ru.linkedin.com/jobs/view/russian-translator-language-expert-remote-%2430%E2%80%93%2465-hr-at-synthires-4452221833,Russian Translator & Language Expert (Remote | $30–$65/hr,,scraped,2026-08-19T01:02:18.528787,
b025a21a49ce5e9c,https://ru.linkedin.com/jobs/view/stagiaire-monteur-se-video-infographiste-at-legallais-4445478942,STAGIAIRE MONTEUR(SE) VIDEO & INFOGRAPHISTE,Legallais,posted,2026-08-19T01:02:36.933858,954
765130795818466b,https://ru.linkedin.com/jobs/view/hgv-driver-at-united-infrastructure-ltd-4454767090,HGV Driver,United Infrastructure Ltd,posted,2026-08-19T01:02:49.964101,956
6e66b58a7d56837c,https://ru.linkedin.com/jobs/view/%D1%82%D0%B5%D1%85%D0%BD%D0%B8%D1%87%D0%B5%D1%81%D0%BA%D0%B8%D0%B9-%D1%8D%D0%BA%D1%81%D0%BF%D0%B5%D1%80%D1%82-%D0%BF%D0%BE-%D1%81%D0%BF%D0%B5%D1%86%D0%B8%D0%B0%D0%BB%D0%B8%D0%B7%D0%B8%D1%80%D0%BE%D0%B2%D0%B0%D0%BD%D0%BD%D1%8B%D0%BC-%D0%BA%D1%83%D0%BB%D1%8C%D1%82%D1%83%D1%80%D0%B0%D0%BC-at-syngenta-4455777742,Технический эксперт по специализированным культурам,,scraped,2026-08-19T01:02:54.385470,
6403fc0416cd5000,https://ru.linkedin.com/jobs/view/%D1%81%D1%82%D0%B0%D1%80%D1%88%D0%B8%D0%B9-%D1%82%D0%B5%D1%85%D0%BD%D0%B8%D1%87%D0%B5%D1%81%D0%BA%D0%B8%D0%B9-%D1%8D%D0%BA%D1%81%D0%BF%D0%B5%D1%80%D1%82-at-syngenta-4455792501,Старший технический эксперт,,scraped,2026-08-19T01:03:00.635459,
cc77d8f2801504ab,https://ru.linkedin.com/jobs/view/%D0%BC%D0%B5%D0%BD%D0%B5%D0%B4%D0%B6%D0%B5%D1%80-%D0%BF%D0%BE-%D1%83%D0%BF%D1%80%D0%B0%D0%B2%D0%BB%D0%B5%D0%BD%D0%B8%D1%8E-%D0%BF%D0%BE%D1%80%D1%82%D1%84%D0%B5%D0%BB%D0%B5%D0%BC-%D0%B8-%D0%BF%D1%80%D0%BE%D0%B5%D0%BA%D1%82%D0%B0%D0%BC%D0%B8-%D0%BD%D0%B0%D0%BF%D1%80%D0%B0%D0%B2%D0%BB%D0%B5%D0%BD%D0%B8%D1%8F-%D0%BF%D0%BE-%D0%B7%D0%B0%D1%89%D0%B8%D1%82%D0%B5-%D1%81%D0%B5%D0%BC%D1%8F%D0%BD-%D0%B8-%D0%B1%D0%B8%D0%BE%D0%BB%D0%BE%D0%B3%D0%B8%D1%87%D0%B5%D1%81%D0%BA%D0%B8%D0%BC-%D1%80%D0%B5%D1%88%D0%B5%D0%BD%D0%B8%D1%8F%D0%BC-at-syngenta-4455779752,Менеджер по управлению портфелем и проектами направления по защите семян и биологическим решениям,,scraped,2026-08-19T01:03:06.909054,
4707063402b4726d,https://ru.linkedin.com/jobs/view/registered-nurse-med-surg-oncology-days-at-baycare-health-system-4454564298,Registered Nurse - Med/Surg Oncology - Days,BayCare Health System,posted,2026-08-19T01:03:15.972469,312
50c1c8152d90ae18,https://ru.linkedin.com/jobs/view/registered-nurse-med-surg-observations-days-at-baycare-health-system-4454075146,Registered Nurse - Med/Surg Observations - Days,BayCare Health System,posted,2026-08-19T01:03:26.224759,958
85ae348e4f4e1e02,https://ru.linkedin.com/jobs/view/registered-nurse-med-surg-tele-nights-at-baycare-health-system-4454335129,Registered Nurse - Med/Surg Tele - Nights,BayCare Health System,posted,2026-08-19T01:03:31.025521,186
1f274710bd296882,https://ru.linkedin.com/jobs/view/registered-nurse-med-surg-observation-nights-at-baycare-health-system-4454071158,Registered Nurse - Med/Surg Observation - Nights,BayCare Health System,posted,2026-08-19T01:03:35.891366,722
848de9bbd405ede4,https://ru.linkedin.com/jobs/view/rn-registered-nurse-neuro-icu-days-at-baycare-health-system-4454807531,RN - Registered Nurse - Neuro ICU - Days,BayCare Health System,posted,2026-08-19T01:03:53.953411,960
679a3c7f51ef9aa6,https://ru.linkedin.com/jobs/view/jbe-at-yulista-holding-llc-4456388896,JBE,Yulista Holding LLC,posted,2026-08-21T01:01:54.134544,962
d3caa3d4c21bae30,https://ru.linkedin.com/jobs/view/vm-team-manager-at-matalan-4456010031,VM Team Manager,,scraped,2026-08-21T01:02:00.865503,
b39f59e5b0bce0a7,https://ru.linkedin.com/jobs/view/learning-development-executive-at-hilton-4456353185,Learning & Development Executive,Hilton,posted,2026-08-21T01:02:18.487817,964
99634c9b5d79a28d,https://ru.linkedin.com/jobs/view/med-office-coordinator-ft-day-ob-gyn-langhorne-pa-at-capital-health-us-4454146108,Med Office Coordinator - FT - Day - OB/GYN Langhorne PA,Capital Health (US),posted,2026-08-21T01:02:27.296658,966
16bb7e2f9f76a8e7,https://ru.linkedin.com/jobs/view/mental-health-technician-ii-at-baycare-health-system-4457026699,Mental Health Technician II,BayCare Health System,posted,2026-08-21T01:02:37.174971,968
65d2f0d31ec60ff6,https://ru.linkedin.com/jobs/view/mid-level-associate-startup-law-at-seed-and-scale-4452583465,Mid-Level Associate - (Startup Law),,scraped,2026-08-21T01:02:45.782662,
84cff9135d26a3aa,https://ru.linkedin.com/jobs/view/business-development-manager-igaming-4452577684,Business development manager iGaming,AGGENT,posted,2026-08-21T01:02:57.048861,970
61337bcb20a94613,https://ru.linkedin.com/jobs/view/product-marketing-manager-at-kaspersky-4454701479,Product Marketing Manager,,scraped,2026-08-21T01:03:01.510144,
0582b36badcd3d89,https://ru.linkedin.com/jobs/view/mle-online-rl-post-training-llm-middle%2B-senior-at-sberbank-4417230988,MLE (Online RL) / Post-Training LLM (Middle+ / Senior),,scraped,2026-08-21T01:03:10.047835,
303321bea6b9345a,https://ru.linkedin.com/jobs/view/monitoring-engineer-at-%D0%B8%D1%82-%D0%BA%D0%BE%D0%BD%D1%82%D0%B0%D0%BA%D1%82-4455681587,Monitoring Engineer,ИТ Контакт,posted,2026-08-21T01:03:24.993076,972
3921c4e390a585ec,https://ru.linkedin.com/jobs/view/quality-lead-at-dentsply-sirona-4453592616,Quality Lead,Dentsply Sirona,posted,2026-08-21T01:03:33.654938,974
9797c591e32849e1,https://ru.linkedin.com/jobs/view/lounge-supervisor-moscow-at-emirates-4451258268,Lounge Supervisor - Moscow,Emirates,posted,2026-08-21T01:03:48.468914,976
8e0ac0d0e58aab4e,https://ru.linkedin.com/jobs/view/visual-creator-at-rednbed-4453864921,Visual Creator,,scraped,2026-08-21T01:03:50.974003,
0d4f03e8fa3345d3,https://ru.linkedin.com/jobs/view/business-development-specialist-cis-region-at-bybit-4444334311,Business Development Specialist (CIS Region),Bybit,posted,2026-08-21T01:04:06.012626,978
196a6ba98373527c,https://ru.linkedin.com/jobs/view/business-strategy-manager-at-yandex-4454495423,Business Strategy Manager,,scraped,2026-08-21T01:04:08.587178,
e84930777fc423ab,https://ru.linkedin.com/jobs/view/smm-lead-at-passportivity-4453871592,SMM-Lead,,scraped,2026-08-21T01:04:19.732115,
a89240a37e5aa36a,https://ru.linkedin.com/jobs/view/%D1%81%D0%BF%D0%B5%D1%86%D0%B8%D0%B0%D0%BB%D0%B8%D1%81%D1%82-%D0%BF%D0%BE-%D0%BF%D1%80%D0%B8%D0%B2%D0%BB%D0%B5%D1%87%D0%B5%D0%BD%D0%B8%D1%8E-%D0%B7%D0%B0%D0%BA%D0%B0%D0%B7%D0%BE%D0%B2-%D0%B8%D0%BD%D0%B6%D0%B5%D0%BD%D0%B5%D1%80%D0%B8%D1%8F-r-d-%D0%B8%D0%BC%D0%BF%D0%BE%D1%80%D1%82%D0%BE%D0%B7%D0%B0%D0%BC%D0%B5%D1%89%D0%B5%D0%BD%D0%B8%D0%B5-at-engineer-designer-drawings-and-models-to-order-compas-3d-autocad-4452589317,Специалист по привлечению заказов (Инженерия / R&D / Импортозамещение),,scraped,2026-08-21T01:04:28.698957,
e7b730912a0b78f2,https://ru.linkedin.com/jobs/view/information-security-specialist-at-opiniq-4456148468,Information Security Specialist,,scraped,2026-08-21T01:04:36.996177,
8a2a8272e1df9db8,https://ru.linkedin.com/jobs/view/director-of-mobile-games-user-acquisition-at-numrah-group-4453885495,Director of Mobile Games User Acquisition,,scraped,2026-08-21T01:04:43.750400,
075955e77efc9f9d,https://ru.linkedin.com/jobs/view/head-of-external-communications-at-confidential-4453441121,Head of External Communications,Confidential,posted,2026-08-21T01:04:58.713180,980
76a0c0fb365ce1cd,https://ru.linkedin.com/jobs/view/field-service-engineer-at-ge-healthcare-4456781356,Field Service Engineer,GE HealthCare,posted,2026-08-21T01:05:03.805208,386
46bf16e40e50cadc,https://ru.linkedin.com/jobs/view/sr-spclst-regulatory-affairs-at-organon-4456714949,"Sr. Spclst, Regulatory Affairs",Organon,posted,2026-08-21T01:05:12.595953,982
f485cb6cb9dd4fb1,https://ru.linkedin.com/jobs/view/dynamics-365-power-platform-developer-at-brmi-4456393500,Dynamics 365 Power Platform Developer,BRMi,posted,2026-08-21T01:05:23.662858,984
fba0fac95b7d9080,https://ru.linkedin.com/jobs/view/erp-product-manager-relocation-to-cyprus-at-fxpro-4455702180,ERP Product Manager (Relocation to Cyprus),FxPro,posted,2026-08-21T01:05:38.010782,986
070ebfa8a2bf8fa8,https://ru.linkedin.com/jobs/view/senior-network-security-engineer-at-gcs-pvt-ltd-4453877542,Senior Network Security Engineer,,scraped,2026-08-21T01:05:42.562527,
226031bd45a5ac3f,https://ru.linkedin.com/jobs/view/personal-assistant-at-puffy-4453441221,Personal Assistant,Puffy,posted,2026-08-21T01:05:52.921774,588
f2c680e99d6982cf,https://ru.linkedin.com/jobs/view/storm-damage-assessor-seasonal-at-qualus-4452817812,Storm Damage Assessor (Seasonal),Qualus,posted,2026-08-21T01:05:57.729368,832
4c9f126f87c45e70,https://ru.linkedin.com/jobs/view/%D0%BF%D1%80%D0%BE%D0%B3%D1%80%D0%B0%D0%BC%D0%BC%D0%B8%D1%81%D1%82-%D0%BD%D0%B0-java-at-tinkoff-4456476099,Программист на Java,,scraped,2026-08-21T01:06:02.397725,
57a29e8295bceb84,https://ru.linkedin.com/jobs/view/image-collection-specialist-russian-at-rws-4456385024,Image Collection Specialist - Russian,,scraped,2026-08-21T01:06:14.278107,
59e180517864acf6,https://ru.linkedin.com/jobs/view/image-collection-specialist-russian-at-rws-4456372856,Image Collection Specialist - Russian,,scraped,2026-08-21T01:06:21.070841,
f7437fe0aa90a607,https://ru.linkedin.com/jobs/view/image-collection-specialist-russian-at-rws-4456384132,Image Collection Specialist - Russian,,scraped,2026-08-21T01:06:27.384618,
fbd739b9ee0f8aed,https://ru.linkedin.com/jobs/view/image-collection-specialist-russian-at-rws-4456386062,Image Collection Specialist - Russian,,scraped,2026-08-21T01:06:33.862452,
b727ac8c7b0dda68,https://ru.linkedin.com/jobs/view/image-collection-specialist-russian-at-rws-4456369968,Image Collection Specialist - Russian,,scraped,2026-08-21T01:06:40.319386,
520a8193a7fdd9dc,https://ru.linkedin.com/jobs/view/image-collection-specialist-russian-at-rws-4456370848,Image Collection Specialist - Russian,,scraped,2026-08-21T01:06:46.711109,
bfa6303955a9214f,https://ru.linkedin.com/jobs/view/image-collection-specialist-russian-at-rws-4456380495,Image Collection Specialist - Russian,,scraped,2026-08-21T01:06:53.191355,
254ad6a8e4252d25,https://ru.linkedin.com/jobs/view/image-collection-specialist-russian-at-rws-4456383825,Image Collection Specialist - Russian,,scraped,2026-08-21T01:06:59.559542,
1f7b751fbe2349be,https://ru.linkedin.com/jobs/view/image-collection-specialist-russian-at-rws-4456376861,Image Collection Specialist - Russian,,scraped,2026-08-21T01:07:06.195152,
52b5c6a4188f23ef,https://ru.linkedin.com/jobs/view/image-collection-specialist-russian-at-rws-4456375914,Image Collection Specialist - Russian,,scraped,2026-08-21T01:07:12.716337,
feeea842de5bb114,https://ru.linkedin.com/jobs/view/%D0%BE%D0%BF%D0%B5%D1%80%D0%B0%D1%82%D0%BE%D1%80-%D0%BD%D0%B0%D0%BB%D0%B0%D0%B4%D1%87%D0%B8%D0%BA-1-%D0%BA%D0%B0%D1%82%D0%B5%D0%B3%D0%BE%D1%80%D0%B8%D0%B8-at-astrazeneca-4354863352,Оператор-наладчик 1 категории,AstraZeneca,posted,2026-08-21T01:07:28.654973,106
ed22552fae128d44,https://ru.linkedin.com/jobs/view/registered-nurse-med-surg-cardiac-days-at-baycare-health-system-4454563286,Registered Nurse - Med/Surg Cardiac - Days,BayCare Health System,posted,2026-08-21T01:07:43.922977,142
9d596d70defb9475,https://ru.linkedin.com/jobs/view/registered-nurse-med-surg-days-at-baycare-health-system-4456746951,Registered Nurse - Med/Surg - Days,BayCare Health System,posted,2026-08-21T01:07:57.376865,988
a7b897577b104eb0,https://ru.linkedin.com/jobs/view/server-at-convive-brands-4455420972,Server,Convive Brands,posted,2026-08-21T01:08:06.509263,618
